CREATE TABLE location (id INTEGER PRIMARY KEY, name TEXT, coordinates TEXT, population INTEGER);
INSERT INTO location (id, name, coordinates) VALUES (1, 'BANCO SAN MIGUEL', '[[-57.6469373, -25.2712048], [-57.6115322, -25.2722138], [-57.6005458, -25.2645684], [-57.6003742, -25.2631712], [-57.6090860, -25.2514110], [-57.6133346, -25.25288599], [-57.6183557, -25.2546326], [-57.6234626, -25.2563404], [-57.6245355, -25.2562239], [-57.6327753, -25.2608814], [-57.6383972, -25.2648401], [-57.6469373, -25.2712048]]');
INSERT INTO location (id, name, coordinates) VALUES (3, 'BAÑADO CARA CARA', '[[-25.246524, -57.599371], [-25.245575, -57.597653], [-25.245549, -57.597054], [-25.245446, -57.596360], [-25.245220, -57.595676], [-25.244908, -57.594739], [-25.244728, -57.594476], [-25.244216, -57.593223], [-25.243903, -57.592780], [-25.243799, -57.592391], [-25.247206, -57.586564], [-25.247549, -57.586755], [-25.248747, -57.588295], [-25.250072, -57.589142], [-25.250606, -57.589439], [-25.251786, -57.590769], [-25.252301, -57.590961], [-25.252653 -57.591446], [-25.252861, -57.591983], [-25.252745, -57.592297], [-25.252792, -57.592550], [-25.253051, -57.592351], [-25.253279, -57.592657], [-25.253373, -57.592983], [-25.253400, -57.593393], [-25.253274, -57.593981], [-25.253665, -57.594172], [-25.254388, -57.594838], [-25.254388, -57.594838], [-25.256176, -57.597085], [-25.252014, -57.598284], [-25.251021, -57.597911], [-25.250668, -57.597836], [-25.249530, -57.598146], [-25.249050, -57.598490], [-25.248304, -57.598686], [-25.247730, -57.598778], [-25.246993, -57.599090], [-25.246524, -57.599371]]');
INSERT INTO location (id, name, coordinates) VALUES (4, 'BELLA VISTA', '[[-57.5949697, -25.2871942], [-57.5937053, -25.2870474], [-57.5931094, -25.2869739], [-57.5918212, -25.2868321], [-57.5916497, -25.2868162], [-57.5888052, -25.2865293], [-57.5887516, -25.2865246], [-57.5881865, -25.2846938], [-57.5879386, -25.283919], [-57.5874699, -25.2823889], [-57.587341, -25.2819663], [-57.5867432, -25.2800002], [-57.5862484, -25.2783286], [-57.5857884, -25.2767601], [-57.5852806, -25.2750765], [-57.5850428, -25.274248], [-57.5849628, -25.2739744], [-57.5847988, -25.2734305], [-57.5846997, -25.273095], [-57.5845727, -25.2726605], [-57.5842127, -25.271481], [-57.5840432, -25.2709503], [-57.5840974, -25.2709112], [-57.5841672, -25.2708573], [-57.5842243, -25.2707892], [-57.5843509, -25.2706044], [-57.584629, -25.2701985], [-57.5848783, -25.2698351], [-57.5851369, -25.2694582], [-57.5856491, -25.2687119], [-57.585699, -25.2686408], [-57.5859411, -25.2682966], [-57.5863022, -25.2677638], [-57.5865489, -25.2674103], [-57.5874805, -25.2679353], [-57.5884628, -25.2685338], [-57.5893895, -25.2690482], [-57.5894587, -25.2690901], [-57.5896688, -25.2691488], [-57.5898309, -25.2689382], [-57.5912685, -25.268219], [-57.5915277, -25.2680828], [-57.5916535, -25.2680273], [-57.5918171, -25.2679782], [-57.5921839, -25.2678675], [-57.5930631, -25.2676173], [-57.5930803, -25.2677682], [-57.5932074, -25.2688853], [-57.5933598, -25.270467], [-57.5934207, -25.2710746], [-57.5934293, -25.2712141], [-57.5935746, -25.27261], [-57.5936486, -25.2740873], [-57.5937631, -25.2752886], [-57.5937781, -25.2754258], [-57.5939872, -25.2773418], [-57.5940233, -25.2776907], [-57.5941404, -25.2788232], [-57.594239, -25.2796494], [-57.5942652, -25.2798337], [-57.5943081, -25.2802874], [-57.5944633, -25.281929], [-57.5944815, -25.2821209], [-57.5944941, -25.282265], [-57.5945019, -25.2823385], [-57.5946754, -25.2842724], [-57.5946884, -25.2844016], [-57.5947953, -25.2858336], [-57.5949697, -25.2871942]]');
INSERT INTO location (id, name, coordinates) VALUES (5, 'BERNARDINO CABALLERO', '[[-57.6139789, -25.3028557], [-57.6111039, -25.3038025], [-57.6076345, -25.3049263], [-57.6076146, -25.3048754], [-57.6073224, -25.3041375], [-57.6069076, -25.3031165], [-57.6064953, -25.302123], [-57.6061389, -25.3012778], [-57.6058008, -25.3004535], [-57.6054869, -25.2996604], [-57.6051404, -25.2988301], [-57.6048016, -25.2979988], [-57.6046119, -25.2975498], [-57.6044673, -25.297194], [-57.6044432, -25.2971091], [-57.6038257, -25.294578], [-57.6033019, -25.292461], [-57.603351, -25.2924682], [-57.6040588, -25.2926128], [-57.6059714, -25.2929778], [-57.6062073, -25.2930202], [-57.6080086, -25.293354], [-57.6099302, -25.2936919], [-57.6108262, -25.2938608], [-57.6109945, -25.2938705], [-57.6112341, -25.293864], [-57.6112508, -25.2939239], [-57.6113063, -25.2941234], [-57.6114128, -25.2945059], [-57.6116496, -25.2953563], [-57.6118478, -25.2960682], [-57.6120201, -25.2967693], [-57.6120758, -25.2968707], [-57.6129479, -25.2996966], [-57.6129933, -25.2998417], [-57.6132405, -25.3006035], [-57.6133378, -25.3007977], [-57.613384, -25.3010375], [-57.6134045, -25.3011124], [-57.6139054, -25.3026623], [-57.6139567, -25.3028034], [-57.6139789, -25.3028557]]');
INSERT INTO location (id, name, coordinates) VALUES (6, 'BOTANICO', '[[-25.243785, -57.592374], [-25.240606, -57.589164], [-25.231162, -57.579809], [-25.231203, -57.579116], [-25.230824, -57.578315], [-25.234355, -57.574528], [-25.234792, -57.575350], [-25.238220, -57.563849], [-25.238566, -57.563242], [-25.239026, -57.562907], [-25.242991, -57.555570], [-25.246826, -57.557416], [-25.249978, -57.557935], [-25.250630, -57.557475], [-25.251049, -57.557771], [-25.251453, -57.557269], [-25.251721, -57.557018], [-25.256464, -57.566519], [-25.256468, -57.570281], [-25.250251, -57.581413], [-25.248288, -57.584872], [-25.247503, -57.585078], [-25.247520, -57.585603], [-25.247172, -57.586569], [-25.243785, -57.592374]]');
INSERT INTO location (id, name, coordinates) VALUES (7, 'CAÑADA DEL YBYRAY', '[[-25.260823, -57.581027], [-25.262636, -57.579207], [-25.264987, -57.576969], [-25.266195, -57.575840], [-25.268142, -57.574209], [-25.268645, -57.574958], [-25.269173, -57.574477], [-25.271839, -57.576896], [-25.272819, -57.575598], [-25.273456, -57.576673], [-25.274477, -57.577056], [-25.272660, -57.584573], [-25.271419, -57.584189], [-25.270874, -57.584134], [-25.269472, -57.583622], [-25.260823, -57.581027]]');
INSERT INTO location (id, name, coordinates) VALUES (8, 'CIUDAD NUEVA', '[[-57.6238707, -25.2958102], [-57.6235876, -25.2964278], [-57.6234496, -25.2967286], [-57.623282, -25.2970877], [-57.6230968, -25.2974162], [-57.6226235, -25.2981082], [-57.6223395, -25.2985784], [-57.622054, -25.2989926], [-57.6218302, -25.2993143], [-57.6212783, -25.2996762], [-57.6204541, -25.3001774], [-57.6181466, -25.3014764], [-57.6180259, -25.3015305], [-57.6178945, -25.3015734], [-57.6139789, -25.3028557], [-57.6139567, -25.3028034], [-57.6139054, -25.3026623], [-57.6134045, -25.3011124], [-57.613384, -25.3010375], [-57.6133378, -25.3007977], [-57.6132405, -25.3006035], [-57.6129933, -25.2998417], [-57.6129479, -25.2996966], [-57.6120758, -25.2968707], [-57.6120201, -25.2967693], [-57.6118478, -25.2960682], [-57.6116496, -25.2953563], [-57.6114128, -25.2945059], [-57.6113063, -25.2941234], [-57.6112508, -25.2939239], [-57.6112341, -25.293864], [-57.6114196, -25.29384], [-57.6121707, -25.293515], [-57.6130603, -25.293025], [-57.6139233, -25.2925425], [-57.6147467, -25.2920766], [-57.6147881, -25.2920531], [-57.6157603, -25.2914763], [-57.6173375, -25.2905629], [-57.6181982, -25.2900637], [-57.6186241, -25.2898008], [-57.6191218, -25.2895085], [-57.6191481, -25.2895455], [-57.6194911, -25.2899806], [-57.6199469, -25.2905952], [-57.6204108, -25.2911899], [-57.6208948, -25.291815], [-57.6213417, -25.2923846], [-57.6218741, -25.2930949], [-57.62232, -25.293649], [-57.6226769, -25.2941266], [-57.6233347, -25.294975], [-57.6234036, -25.2950775], [-57.6238707, -25.2958102]]');
INSERT INTO location (id, name, coordinates) VALUES (10, 'DOCTOR FRANCIA', '[[-57.6557472, -25.2755022], [-57.6556912, -25.2756587], [-57.655496, -25.2765286], [-57.6553259, -25.2772868], [-57.6553113, -25.2773516], [-57.6556177, -25.2774066], [-57.6554125, -25.2783123], [-57.6551865, -25.2791891], [-57.6549624, -25.2801061], [-57.6547437, -25.2809942], [-57.6545333, -25.281859], [-57.6543105, -25.2827738], [-57.6541161, -25.2836513], [-57.6539076, -25.2845629], [-57.6537091, -25.2854153], [-57.6535199, -25.2862673], [-57.6533342, -25.2873933], [-57.6532032, -25.2879692], [-57.6530762, -25.2885339], [-57.6530667, -25.2885747], [-57.6520651, -25.2884122], [-57.6509635, -25.2882223], [-57.6498462, -25.2880397], [-57.6488578, -25.2878693], [-57.6479208, -25.2877272], [-57.6478905, -25.2876815], [-57.6477533, -25.2874921], [-57.647596, -25.2872549], [-57.6470508, -25.2864993], [-57.6470104, -25.2864435], [-57.6469689, -25.2863862], [-57.6462217, -25.2853225], [-57.6454689, -25.28426], [-57.6447173, -25.28319], [-57.644684, -25.2831433], [-57.6438893, -25.2820572], [-57.6432125, -25.2810021], [-57.6426851, -25.2802519], [-57.6422551, -25.2796402], [-57.64176, -25.2789573], [-57.6413404, -25.2783551], [-57.6407908, -25.2775812], [-57.6401661, -25.2767017], [-57.6400515, -25.2766028], [-57.6399951, -25.2765749], [-57.6398784, -25.2765557], [-57.6397534, -25.2765491], [-57.6397881, -25.2763643], [-57.639773, -25.2759568], [-57.6412062, -25.2758956], [-57.6413746, -25.2758733], [-57.6414937, -25.2758479], [-57.6416072, -25.2757896], [-57.6437825, -25.2744714], [-57.6465626, -25.2731163], [-57.6466446, -25.2732177], [-57.6490825, -25.2728306], [-57.6496145, -25.2730759], [-57.650035, -25.2732221], [-57.6508477, -25.2734443], [-57.6511216, -25.2735418], [-57.6513122, -25.2736141], [-57.6515738, -25.2737261], [-57.651989, -25.273915], [-57.6522194, -25.2740219], [-57.65325, -25.2745], [-57.6537586, -25.2746556], [-57.6540961, -25.2747588], [-57.654533, -25.2748924], [-57.6543138, -25.2756659], [-57.6545228, -25.2757282], [-57.6547805, -25.2749759], [-57.6557472, -25.2755022]]');
INSERT INTO location (id, name, coordinates) VALUES (11, 'GENERAL DIAZ', '[[-57.6440188, -25.2933754], [-57.6431523, -25.2938755], [-57.6425227, -25.2942389], [-57.6417896, -25.2946646], [-57.6410455, -25.2950961], [-57.6401555, -25.2956174], [-57.6393775, -25.2960762], [-57.639503, -25.2962612], [-57.6393232, -25.2963627], [-57.6386975, -25.2967158], [-57.6375246, -25.2973355], [-57.6370378, -25.2976189], [-57.6366508, -25.2978323], [-57.6356801, -25.2984102], [-57.6355201, -25.2985089], [-57.6345418, -25.2990483], [-57.6343982, -25.2991187], [-57.634274, -25.2989813], [-57.6342457, -25.2989481], [-57.6342056, -25.2989617], [-57.6341663, -25.2989728], [-57.6331614, -25.2991456], [-57.6321571, -25.2993083], [-57.6321196, -25.2993141], [-57.6320163, -25.2987048], [-57.6319557, -25.2984845], [-57.6318979, -25.298085], [-57.6318597, -25.2976086], [-57.6317844, -25.2967998], [-57.6317716, -25.2966153], [-57.6317325, -25.2962183], [-57.6315811, -25.2953545], [-57.6315803, -25.2953013], [-57.6317505, -25.2951855], [-57.632872, -25.294573], [-57.6330411, -25.2944754], [-57.6339932, -25.293926], [-57.6348352, -25.2934303], [-57.6348091, -25.293391], [-57.6341003, -25.2923547], [-57.6337154, -25.2917943], [-57.6333214, -25.2912091], [-57.6340703, -25.2907728], [-57.6348482, -25.2903063], [-57.6354968, -25.2899366], [-57.6360773, -25.2895984], [-57.6369654, -25.2890969], [-57.6378021, -25.2886104], [-57.6384595, -25.2882386], [-57.6391346, -25.2878842], [-57.6399279, -25.2874162], [-57.6406325, -25.2884351], [-57.641415, -25.2895269], [-57.6414384, -25.2895584], [-57.6414611, -25.289594], [-57.641934, -25.290308], [-57.6424704, -25.2910281], [-57.6426658, -25.2913571], [-57.6429714, -25.2918486], [-57.6434746, -25.2926092], [-57.6440188, -25.2933754]]');
INSERT INTO location (id, name, coordinates) VALUES (12, 'HIPODROMO', '[[-57.5949443, -25.3227222], [-57.5949032, -25.3227464], [-57.5942399, -25.3232109], [-57.5935844, -25.3236837], [-57.5929039, -25.3241506], [-57.5922154, -25.3246261], [-57.591559, -25.3250213], [-57.5913716, -25.3248472], [-57.5908533, -25.3255653], [-57.5903425, -25.3261809], [-57.5897462, -25.326791], [-57.5894012, -25.3271765], [-57.588946, -25.3277167], [-57.5877554, -25.3290111], [-57.5871872, -25.3296648], [-57.5865519, -25.3303956], [-57.5855404, -25.3292538], [-57.5847328, -25.3283846], [-57.5843291, -25.3279286], [-57.5840613, -25.3276591], [-57.5833837, -25.3269013], [-57.5831449, -25.3266059], [-57.5826811, -25.3261001], [-57.5821829, -25.325596], [-57.5812728, -25.3246149], [-57.580816, -25.3240936], [-57.5803588, -25.3235898], [-57.5790742, -25.3221248], [-57.5782403, -25.3211719], [-57.5773063, -25.3201176], [-57.5769338, -25.3196684], [-57.5763898, -25.319026], [-57.5754636, -25.3179347], [-57.57485, -25.3172336], [-57.5741817, -25.3164532], [-57.5741441, -25.3163994], [-57.5741612, -25.3163959], [-57.5764162, -25.3156697], [-57.5778801, -25.3151588], [-57.5790779, -25.3147405], [-57.5804649, -25.3142562], [-57.5816567, -25.3138187], [-57.5839863, -25.3129897], [-57.5871619, -25.3118738], [-57.5881261, -25.3133022], [-57.5891775, -25.3147231], [-57.5910552, -25.3173561], [-57.5915702, -25.3180653], [-57.5924486, -25.319275], [-57.5941958, -25.3216829], [-57.5949443, -25.3227222]]');
INSERT INTO location (id, name, coordinates) VALUES (13, 'ITA ENRAMADA', '[[-57.6468188, -25.3585318], [-57.6467497, -25.3587525], [-57.646735, -25.3589226], [-57.6466686, -25.3593154], [-57.6463481, -25.3597568], [-57.6462284, -25.359931], [-57.6462288, -25.3599989], [-57.646233, -25.3600995], [-57.6465688, -25.3604482], [-57.646593, -25.3605559], [-57.6465031, -25.3606923], [-57.6458049, -25.3615714], [-57.6452387, -25.3622202], [-57.6448897, -25.3625232], [-57.6447511, -25.3626432], [-57.6444987, -25.3628506], [-57.6442696, -25.3630356], [-57.6440116, -25.3632777], [-57.6436034, -25.3636543], [-57.6426204, -25.3642614], [-57.6422349, -25.3644018], [-57.641891, -25.364712], [-57.6417025, -25.3647876], [-57.6414906, -25.3648305], [-57.640856, -25.365173], [-57.6403922, -25.365417], [-57.6399834, -25.3656832], [-57.639399, -25.3660862], [-57.6391313, -25.3662908], [-57.6386232, -25.3653675], [-57.6382393, -25.3647625], [-57.6381849, -25.3646307], [-57.6381267, -25.3644303], [-57.6379687, -25.3637187], [-57.6376813, -25.362242], [-57.6374818, -25.3622665], [-57.6368791, -25.3622602], [-57.6368652, -25.3618159], [-57.6368077, -25.3606632], [-57.6366774, -25.3595224], [-57.6365615, -25.3584906], [-57.6366186, -25.3571052], [-57.6366328, -25.3568766], [-57.636687, -25.3551029], [-57.6359433, -25.355007], [-57.6359623, -25.3547154], [-57.6360044, -25.3543317], [-57.6360785, -25.3536872], [-57.6364503, -25.3532023], [-57.6362098, -25.352401], [-57.6359816, -25.3516403], [-57.6357609, -25.3509024], [-57.6355444, -25.3501425], [-57.6353376, -25.3493967], [-57.6364196, -25.3491439], [-57.6361042, -25.3481046], [-57.6358094, -25.347117], [-57.6355311, -25.3460788], [-57.6352179, -25.3450914], [-57.6349283, -25.3440679], [-57.6345653, -25.3427275], [-57.6345559, -25.3426836], [-57.6377628, -25.3430477], [-57.6378858, -25.3430636], [-57.6400514, -25.343268], [-57.6405592, -25.3433134], [-57.6417018, -25.3433546], [-57.6422677, -25.3433764], [-57.6422829, -25.343422], [-57.6437743, -25.3434952], [-57.6439822, -25.34358], [-57.6440757, -25.3436627], [-57.6441533, -25.3437837], [-57.6441771, -25.3439606], [-57.6441378, -25.3442393], [-57.6440808, -25.3445184], [-57.6440573, -25.3447387], [-57.6440305, -25.345209], [-57.6439179, -25.3454223], [-57.6438696, -25.3456792], [-57.6439018, -25.3458683], [-57.6439447, -25.346261], [-57.64395, -25.3466246], [-57.6439769, -25.3471821], [-57.6440037, -25.3473809], [-57.6441485, -25.3475215], [-57.6441807, -25.3477105], [-57.6442451, -25.3480887], [-57.6443524, -25.3486268], [-57.6444328, -25.3490389], [-57.6445079, -25.3494267], [-57.6444704, -25.3498097], [-57.6446601, -25.3504139], [-57.6446435, -25.3514494], [-57.6445413, -25.3522723], [-57.6445301, -25.3533708], [-57.6446483, -25.3536742], [-57.644769, -25.3541641], [-57.6447972, -25.354859], [-57.6449013, -25.3552107], [-57.6449458, -25.3554432], [-57.6451201, -25.3557876], [-57.6451421, -25.3559017], [-57.6452679, -25.3565564], [-57.6453554, -25.3567988], [-57.6454101, -25.3571624], [-57.645586, -25.3575269], [-57.6457687, -25.3577569], [-57.6459669, -25.3578793], [-57.6462043, -25.3580662], [-57.6462899, -25.3581336], [-57.6464899, -25.3582417], [-57.6467544, -25.3583091], [-57.6468102, -25.3583963], [-57.6468188, -25.3585318]]');
INSERT INTO location (id, name, coordinates) VALUES (14, 'ITA PYTA PUNTA', '[[-57.6672209, -25.2842168], [-57.6670474, -25.2850638], [-57.6668618, -25.286021], [-57.6666803, -25.2869569], [-57.6665674, -25.2875396], [-57.6663941, -25.2884333], [-57.6653875, -25.28826], [-57.6643997, -25.28809], [-57.6634532, -25.2879271], [-57.6624593, -25.2877561], [-57.6614866, -25.2875887], [-57.6616931, -25.286681], [-57.6618375, -25.2860462], [-57.6620476, -25.2851232], [-57.6622577, -25.2841998], [-57.6612762, -25.2840227], [-57.6614737, -25.2831437], [-57.66167, -25.2822695], [-57.6626304, -25.2824497], [-57.6628835, -25.2815433], [-57.6630723, -25.2807748], [-57.6631033, -25.2804648], [-57.6631684, -25.2798685], [-57.6642005, -25.2807135], [-57.6649028, -25.2812937], [-57.6653509, -25.2815318], [-57.6658957, -25.2819227], [-57.66625, -25.2825], [-57.6667014, -25.2831519], [-57.666957, -25.2837504], [-57.6672209, -25.2842168]]');
INSERT INTO location (id, name, coordinates) VALUES (15, 'JARA', '[[-57.6113397, -25.2719969], [-57.6110147, -25.2725003], [-57.6109329, -25.2725838], [-57.6099298, -25.273935], [-57.6098906, -25.2740199], [-57.6098611, -25.2741453], [-57.6098525, -25.2742673], [-57.6097659, -25.275459], [-57.6097215, -25.2761773], [-57.6097101, -25.2765638], [-57.6096845, -25.2774305], [-57.6096828, -25.2779543], [-57.6096822, -25.2781268], [-57.6096715, -25.2785171], [-57.6096616, -25.2790106], [-57.6096487, -25.2799517], [-57.6096447, -25.2801222], [-57.6096208, -25.2813988], [-57.6095812, -25.2826867], [-57.6095664, -25.2836039], [-57.6095524, -25.2843892], [-57.6085534, -25.2845729], [-57.6082745, -25.2846318], [-57.6071524, -25.2848448], [-57.6060323, -25.2850574], [-57.6056867, -25.2835725], [-57.6054028, -25.2835636], [-57.6055873, -25.2831678], [-57.6049233, -25.2829259], [-57.6040403, -25.2826265], [-57.6030913, -25.2823047], [-57.6022209, -25.2820095], [-57.6013265, -25.2817059], [-57.6007239, -25.2814987], [-57.6006648, -25.2814824], [-57.6004847, -25.2807249], [-57.6002587, -25.2797753], [-57.6000481, -25.2790014], [-57.6000306, -25.2789265], [-57.5998193, -25.2780324], [-57.5994311, -25.2763393], [-57.5993668, -25.276084], [-57.5989617, -25.2745194], [-57.5988201, -25.2739159], [-57.5985418, -25.2727375], [-57.598243, -25.271486], [-57.5978549, -25.2699122], [-57.5976409, -25.2690253], [-57.597388, -25.2679602], [-57.5970954, -25.2667357], [-57.597102, -25.2666789], [-57.5971226, -25.2666027], [-57.5971654, -25.2665005], [-57.5972382, -25.2663708], [-57.5972903, -25.2662472], [-57.5973209, -25.2662151], [-57.5973475, -25.2661872], [-57.5993481, -25.2640793], [-57.5999113, -25.2633796], [-57.6005037, -25.2630089], [-57.6007595, -25.2628488], [-57.6007954, -25.2629264], [-57.6008115, -25.2630259], [-57.6008008, -25.2631035], [-57.6006452, -25.2635061], [-57.6006425, -25.2635716], [-57.6006425, -25.2638506], [-57.600664, -25.2639015], [-57.6007069, -25.2639597], [-57.6007444, -25.264018], [-57.6008303, -25.2642484], [-57.600849, -25.2643478], [-57.6008437, -25.2644376], [-57.6008249, -25.2645176], [-57.6008169, -25.2645831], [-57.6008517, -25.2646462], [-57.6009456, -25.2647602], [-57.6011173, -25.2649203], [-57.6012367, -25.2650354], [-57.6013372, -25.2650974], [-57.6014981, -25.2651604], [-57.6017449, -25.2652478], [-57.6018978, -25.2652575], [-57.6020104, -25.2652502], [-57.6020721, -25.265255], [-57.6021392, -25.2652744], [-57.6022277, -25.2653132], [-57.6023323, -25.2653472], [-57.6024188, -25.2653715], [-57.6025235, -25.2654054], [-57.6026275, -25.2654031], [-57.6027656, -25.2654065], [-57.6047629, -25.2666697], [-57.605441, -25.2674287], [-57.605943, -25.2679906], [-57.6061841, -25.2682605], [-57.6064824, -25.2684613], [-57.6076704, -25.2687223], [-57.6077838, -25.2689848], [-57.607845, -25.2691263], [-57.6078873, -25.2691825], [-57.6079486, -25.2692641], [-57.60797, -25.2692926], [-57.6080742, -25.2694214], [-57.608277, -25.2696721], [-57.6084033, -25.2698282], [-57.6099557, -25.2709465], [-57.6100536, -25.271017], [-57.6100911, -25.2710452], [-57.6107449, -25.2715363], [-57.6112456, -25.2719186], [-57.6113397, -25.2719969]]');
INSERT INTO location (id, name, coordinates) VALUES (16, 'JUKYTY', '[[-25.328697, -57.653677], [-25.324099, -57.640924], [-25.325774, -57.640270], [-25.327346, -57.639300], [-25.327843, -57.639187], [-25.328903, -57.639487], [-25.329019, -57.639215], [-25.329772, -57.639545], [-25.329927, -57.639062], [-25.330217, -57.638485], [-25.330790, -57.638404], [-25.332493, -57.637950], [-25.333124, -57.638079], [-25.333335, -57.637881], [-25.334290, -57.638085], [-25.334699, -57.638329], [-25.335186, -57.638521], [-25.335444, -57.638502], [-25.336465, -57.638886], [-25.336769, -57.639245], [-25.337820, -57.639513], [-25.337879, -57.638925], [-25.337709, -57.638524], [-25.338121, -57.638411], [-25.340174, -57.638737], [-25.342344, -57.638633], [-25.343033, -57.638405], [-25.343301, -57.640499], [-25.343491, -57.640847], [-25.344765, -57.644566], [-25.344335, -57.644533], [-25.342527, -57.644933], [-25.340251, -57.645247], [-25.338783, -57.646585], [-25.338055, -57.646908], [-25.337337, -57.647082], [-25.335866, -57.647043], [-25.335376, -57.647566], [-25.334234, -57.648728], [-25.334413, -57.649212], [-25.334708, -57.649456], [-25.334696, -57.650034], [-25.334018, -57.650030], [-25.333562, -57.649407], [-25.333140, -57.649563], [-25.332520, -57.649402], [-25.330980, -57.649699], [-25.329816, -57.651333], [-25.328697, -57.653677]]');
INSERT INTO location (id, name, coordinates) VALUES (17, 'LA CATEDRAL', '[[-57.6399279, -25.2874162], [-57.6391346, -25.2878842], [-57.6384595, -25.2882386], [-57.6378021, -25.2886104], [-57.6369654, -25.2890969], [-57.6360773, -25.2895984], [-57.6354968, -25.2899366], [-57.6348482, -25.2903063], [-57.6340703, -25.2907728], [-57.6333214, -25.2912091], [-57.6325674, -25.2900862], [-57.632199, -25.2895813], [-57.6317154, -25.2889482], [-57.6309732, -25.2879539], [-57.6304533, -25.2871894], [-57.6301149, -25.2865955], [-57.629602, -25.2858957], [-57.6292171, -25.2853483], [-57.6287917, -25.2846683], [-57.6284549, -25.2841855], [-57.6287951, -25.2839784], [-57.6291086, -25.28378], [-57.6292073, -25.2837238], [-57.6281122, -25.2821473], [-57.6279419, -25.2819269], [-57.6278357, -25.2817732], [-57.6277306, -25.2815948], [-57.627667, -25.2814898], [-57.6275628, -25.2813524], [-57.627472, -25.2812412], [-57.6274259, -25.2811934], [-57.6273729, -25.2811549], [-57.6273135, -25.2811327], [-57.6272486, -25.2807771], [-57.6277462, -25.2807719], [-57.6282068, -25.2807877], [-57.6285294, -25.2807934], [-57.6289601, -25.2807789], [-57.6290488, -25.2807705], [-57.6291372, -25.2807469], [-57.6291712, -25.2807244], [-57.6296051, -25.2804796], [-57.629766, -25.2806299], [-57.6298802, -25.2805908], [-57.6299645, -25.280562], [-57.6301427, -25.2804971], [-57.6302217, -25.2804805], [-57.6303194, -25.280473], [-57.6308503, -25.2804488], [-57.6309534, -25.2804418], [-57.6310368, -25.2804258], [-57.6311217, -25.2804047], [-57.6312375, -25.2803611], [-57.6316288, -25.2801236], [-57.6322171, -25.2797969], [-57.6322803, -25.2797683], [-57.6323498, -25.2797519], [-57.6325422, -25.2796854], [-57.6326228, -25.2796428], [-57.6328111, -25.2795217], [-57.6329062, -25.2794641], [-57.6331182, -25.2793033], [-57.633386, -25.2791316], [-57.6338795, -25.2789072], [-57.6342762, -25.2786737], [-57.6344531, -25.2786881], [-57.6346042, -25.2792093], [-57.6346253, -25.2792822], [-57.6346528, -25.2793086], [-57.6353188, -25.2799444], [-57.6347236, -25.2804867], [-57.6346611, -25.280531], [-57.6350715, -25.2809344], [-57.6352554, -25.2811311], [-57.6357167, -25.2816111], [-57.6361707, -25.2820789], [-57.6368373, -25.2827646], [-57.6372394, -25.2833429], [-57.6377362, -25.2841289], [-57.6384071, -25.2851415], [-57.6391715, -25.2862744], [-57.6399279, -25.2874162]]');
INSERT INTO location (id, name, coordinates) VALUES (18, 'LA ENCARNACION', '[[-57.6470104, -25.2864435], [-57.6455088, -25.2872682], [-57.6448583, -25.2876267], [-57.6440924, -25.2880498], [-57.6430977, -25.2886309], [-57.6423342, -25.2890293], [-57.6414384, -25.2895584], [-57.641415, -25.2895269], [-57.6406325, -25.2884351], [-57.6399279, -25.2874162], [-57.6391715, -25.2862744], [-57.6384071, -25.2851415], [-57.6377362, -25.2841289], [-57.6372394, -25.2833429], [-57.6368373, -25.2827646], [-57.6361707, -25.2820789], [-57.6357167, -25.2816111], [-57.6352554, -25.2811311], [-57.6350715, -25.2809344], [-57.6346611, -25.280531], [-57.6347236, -25.2804867], [-57.6353188, -25.2799444], [-57.6346528, -25.2793086], [-57.6346253, -25.2792822], [-57.6346042, -25.2792093], [-57.6344531, -25.2786881], [-57.6343668, -25.2784067], [-57.6343447, -25.2783346], [-57.6342429, -25.2780588], [-57.634138, -25.2777874], [-57.6340962, -25.2776969], [-57.6337833, -25.2763924], [-57.6337519, -25.2762614], [-57.6337133, -25.2761006], [-57.6336258, -25.2757359], [-57.6346257, -25.2751567], [-57.6350007, -25.2750335], [-57.6352879, -25.2749917], [-57.6355246, -25.274989], [-57.6358847, -25.2750141], [-57.6363534, -25.2750812], [-57.6368576, -25.2751915], [-57.6372816, -25.2752634], [-57.6379492, -25.2753674], [-57.6382791, -25.2754778], [-57.6384661, -25.2755962], [-57.6387053, -25.275982], [-57.639773, -25.2759568], [-57.6397881, -25.2763643], [-57.6397534, -25.2765491], [-57.6398784, -25.2765557], [-57.6399951, -25.2765749], [-57.6400515, -25.2766028], [-57.6401661, -25.2767017], [-57.6407908, -25.2775812], [-57.6413404, -25.2783551], [-57.64176, -25.2789573], [-57.6422551, -25.2796402], [-57.6426851, -25.2802519], [-57.6432125, -25.2810021], [-57.6438893, -25.2820572], [-57.644684, -25.2831433], [-57.6447173, -25.28319], [-57.6454689, -25.28426], [-57.6462217, -25.2853225], [-57.6469689, -25.2863862], [-57.6470104, -25.2864435]]');
INSERT INTO location (id, name, coordinates) VALUES (19, 'LAS LOMAS', '[[-57.5794137, -25.2800666], [-57.5793523, -25.2800823], [-57.5782839, -25.2803694], [-57.5760871, -25.281219], [-57.5758701, -25.2812862], [-57.5756261, -25.2813716], [-57.5744314, -25.2815576], [-57.5729183, -25.281796], [-57.5720417, -25.2819303], [-57.5711677, -25.2820527], [-57.5711543, -25.2819615], [-57.570983, -25.2810516], [-57.5709459, -25.2809881], [-57.5708252, -25.2810027], [-57.5691553, -25.281247], [-57.5686533, -25.2813244], [-57.5678619, -25.2814227], [-57.5676791, -25.2814425], [-57.5666423, -25.281586], [-57.5658793, -25.281697], [-57.5656605, -25.2817294], [-57.5648847, -25.2818356], [-57.5639703, -25.28195], [-57.5639687, -25.2824682], [-57.5639627, -25.282976], [-57.5639556, -25.2831176], [-57.5639261, -25.2833094], [-57.5639198, -25.2833715], [-57.5638211, -25.283344], [-57.5634778, -25.2832373], [-57.5631854, -25.2831378], [-57.5629467, -25.283053], [-57.5627509, -25.2829584], [-57.5625631, -25.2828468], [-57.5623271, -25.2826843], [-57.5614443, -25.2819404], [-57.5601982, -25.2808463], [-57.5601062, -25.2807805], [-57.5600748, -25.2807551], [-57.56008, -25.2806982], [-57.5602992, -25.2804645], [-57.5607071, -25.2800935], [-57.5615834, -25.2792782], [-57.5626196, -25.2783386], [-57.5626839, -25.2782871], [-57.5627559, -25.2782458], [-57.5643169, -25.2773477], [-57.5656545, -25.2765963], [-57.5664336, -25.2761406], [-57.5670259, -25.2757226], [-57.5670966, -25.2756642], [-57.5673576, -25.2754498], [-57.5686599, -25.2745102], [-57.5692747, -25.2740499], [-57.5699706, -25.2735188], [-57.5702769, -25.2731547], [-57.5708281, -25.2723544], [-57.5710631, -25.2720246], [-57.5718091, -25.2709249], [-57.5720417, -25.2706274], [-57.5722938, -25.2703194], [-57.5728828, -25.2696716], [-57.5732716, -25.2692427], [-57.5742288, -25.2681483], [-57.57428, -25.2681798], [-57.5749484, -25.2686579], [-57.5744704, -25.2692048], [-57.5753751, -25.2701229], [-57.5762129, -25.2710671], [-57.5768912, -25.2718137], [-57.5759985, -25.2725197], [-57.5755996, -25.2728566], [-57.5759869, -25.2731026], [-57.5766438, -25.2735125], [-57.5767382, -25.2736277], [-57.5767878, -25.27374], [-57.5770279, -25.2745329], [-57.5764764, -25.2746745], [-57.5767412, -25.2756923], [-57.576948, -25.2756239], [-57.5770091, -25.2756287], [-57.5770735, -25.2756627], [-57.5781653, -25.2773948], [-57.5782148, -25.2776085], [-57.5789114, -25.2785392], [-57.578965, -25.2786459], [-57.5790133, -25.2788109], [-57.5794137, -25.2800666]]');
INSERT INTO location (id, name, coordinates) VALUES (20, 'LAS MERCEDES', '[[-57.6191218, -25.2895085], [-57.6186241, -25.2898008], [-57.6181982, -25.2900637], [-57.6173375, -25.2905629], [-57.6157603, -25.2914763], [-57.6147881, -25.2920531], [-57.6147467, -25.2920766], [-57.6139233, -25.2925425], [-57.6130603, -25.293025], [-57.6121707, -25.293515], [-57.6114196, -25.29384], [-57.6112341, -25.293864], [-57.6112194, -25.2938059], [-57.611164, -25.293613], [-57.6108997, -25.2927401], [-57.6104866, -25.2911539], [-57.6101784, -25.289945], [-57.610088, -25.2895896], [-57.6098297, -25.2884665], [-57.6097592, -25.2881769], [-57.6095412, -25.2875613], [-57.6095656, -25.2857339], [-57.609556, -25.2847079], [-57.6095524, -25.2843892], [-57.6095664, -25.2836039], [-57.6095812, -25.2826867], [-57.6096208, -25.2813988], [-57.6096447, -25.2801222], [-57.6096487, -25.2799517], [-57.6096616, -25.2790106], [-57.6096715, -25.2785171], [-57.6096822, -25.2781268], [-57.6096828, -25.2779543], [-57.6096845, -25.2774305], [-57.6097101, -25.2765638], [-57.6097215, -25.2761773], [-57.6097659, -25.275459], [-57.6098525, -25.2742673], [-57.6098611, -25.2741453], [-57.6098906, -25.2740199], [-57.6099298, -25.273935], [-57.6109329, -25.2725838], [-57.6110147, -25.2725003], [-57.6113397, -25.2719969], [-57.611824, -25.2712477], [-57.6130334, -25.2698982], [-57.6133617, -25.2697401], [-57.6136192, -25.2697061], [-57.6138767, -25.2697449], [-57.614102, -25.2698662], [-57.614533, -25.2703381], [-57.6150399, -25.2709603], [-57.6153787, -25.2713749], [-57.6170245, -25.2735462], [-57.6182862, -25.2752509], [-57.6184607, -25.2754154], [-57.6177444, -25.2763519], [-57.6174225, -25.2768128], [-57.6171318, -25.2771601], [-57.6164409, -25.2781952], [-57.6163765, -25.2783455], [-57.6162048, -25.2786414], [-57.6160975, -25.2787433], [-57.6160278, -25.2788354], [-57.6159849, -25.2789373], [-57.6159849, -25.2790586], [-57.6159956, -25.2791653], [-57.6160278, -25.2792477], [-57.6160278, -25.2793205], [-57.6158859, -25.2797733], [-57.6157551, -25.2798856], [-57.615769, -25.2800768], [-57.6158932, -25.2807598], [-57.6160302, -25.2816651], [-57.6160866, -25.2820134], [-57.616102, -25.2821266], [-57.6161634, -25.2825205], [-57.6162594, -25.2831521], [-57.6162681, -25.2832091], [-57.6162973, -25.2834495], [-57.6163064, -25.283513], [-57.6164621, -25.2847401], [-57.6166985, -25.2862422], [-57.6172529, -25.2869778], [-57.6177191, -25.287648], [-57.6182717, -25.2883921], [-57.61848, -25.2886726], [-57.6190943, -25.2894733], [-57.6191218, -25.2895085]]');
INSERT INTO location (id, name, coordinates) VALUES (21, 'LOMA PYTA', '[[-57.5663991, -25.2564605], [-57.5662141, -25.2564584], [-57.560017, -25.2565349], [-57.5579496, -25.2565726], [-57.5535321, -25.2566224], [-57.5518002, -25.2566529], [-57.5515525, -25.2566704], [-57.5514449, -25.2566725], [-57.5509589, -25.2567451], [-57.5502719, -25.2568445], [-57.5491424, -25.2570271], [-57.5360329, -25.259261], [-57.5359248, -25.259277], [-57.5358275, -25.2588855], [-57.5357524, -25.2586041], [-57.5354412, -25.257857], [-57.5349906, -25.2567605], [-57.5348619, -25.25645], [-57.5346044, -25.2560231], [-57.5344971, -25.2557902], [-57.5344558, -25.2555156], [-57.5344343, -25.2552924], [-57.5343683, -25.255111], [-57.5342688, -25.2548776], [-57.5341768, -25.2546617], [-57.5340588, -25.2544676], [-57.5339623, -25.2541862], [-57.5337799, -25.2538466], [-57.5336817, -25.2534808], [-57.5335653, -25.2530897], [-57.5335585, -25.2529662], [-57.5335438, -25.2527016], [-57.5335438, -25.2522455], [-57.5336285, -25.2514831], [-57.5336966, -25.2508696], [-57.5337073, -25.2506551], [-57.5336746, -25.2504062], [-57.5335909, -25.2502481], [-57.5334198, -25.2500938], [-57.5329414, -25.2498322], [-57.532707, -25.2496935], [-57.5325695, -25.2495489], [-57.5324764, -25.2493864], [-57.5323928, -25.2488641], [-57.532349, -25.2487238], [-57.5322573, -25.2486071], [-57.5321417, -25.2485341], [-57.531956, -25.2484999], [-57.5317612, -25.2485319], [-57.5315483, -25.2485581], [-57.5311712, -25.2484931], [-57.5309689, -25.2483834], [-57.5308596, -25.2482641], [-57.531833, -25.2476944], [-57.5323536, -25.2473842], [-57.5331679, -25.2468338], [-57.5332505, -25.2467155], [-57.5335111, -25.246574], [-57.5337519, -25.2464432], [-57.5343825, -25.2461007], [-57.5358415, -25.2453084], [-57.5373857, -25.2444658], [-57.5374637, -25.2444233], [-57.5391651, -25.2434936], [-57.5404296, -25.2427875], [-57.5407838, -25.2425898], [-57.5410069, -25.2424652], [-57.541542, -25.2420758], [-57.5417767, -25.2418977], [-57.5425482, -25.2413096], [-57.5426047, -25.2412664], [-57.5430299, -25.2409338], [-57.5431776, -25.2408182], [-57.5432348, -25.2407659], [-57.5445416, -25.2420032], [-57.5456989, -25.2430939], [-57.5461856, -25.2435322], [-57.5479909, -25.2452299], [-57.5499596, -25.247064], [-57.5511881, -25.2481896], [-57.5532118, -25.2499938], [-57.553458, -25.2501889], [-57.5537346, -25.2503582], [-57.5540106, -25.2505192], [-57.5543222, -25.2506828], [-57.5549967, -25.2509769], [-57.5563458, -25.2514815], [-57.5573612, -25.2518569], [-57.5576562, -25.2519758], [-57.5579444, -25.2521025], [-57.5581658, -25.2522111], [-57.5585092, -25.2523955], [-57.5594089, -25.2529031], [-57.5608936, -25.2537297], [-57.5614581, -25.2540481], [-57.5618163, -25.2542246], [-57.5625164, -25.2545666], [-57.5641633, -25.2553672], [-57.5653822, -25.255916], [-57.5656224, -25.2560076], [-57.5658728, -25.2561346], [-57.5656421, -25.2561336], [-57.5658198, -25.2561974], [-57.5663991, -25.2564605]]');
INSERT INTO location (id, name, coordinates) VALUES (22, 'LOS LAURELES', '[[-57.5871619, -25.3118738], [-57.5839863, -25.3129897], [-57.5816567, -25.3138187], [-57.5804649, -25.3142562], [-57.5790779, -25.3147405], [-57.5778801, -25.3151588], [-57.5764162, -25.3156697], [-57.5741612, -25.3163959], [-57.5741441, -25.3163994], [-57.5740461, -25.3163643], [-57.5732701, -25.3154337], [-57.572606, -25.3146354], [-57.5718707, -25.3138063], [-57.5711423, -25.3129162], [-57.5704606, -25.312082], [-57.569728, -25.3112079], [-57.5707063, -25.3108034], [-57.5718905, -25.3102719], [-57.5724364, -25.3100539], [-57.5731772, -25.3098002], [-57.5739572, -25.3095355], [-57.5753694, -25.3090428], [-57.5765527, -25.308646], [-57.5779572, -25.3081769], [-57.5789749, -25.3078128], [-57.5791211, -25.3077813], [-57.5798221, -25.3068651], [-57.5799285, -25.3067545], [-57.5802046, -25.306665], [-57.5804956, -25.3065108], [-57.5812372, -25.3061444], [-57.5823246, -25.3056083], [-57.5830719, -25.3052388], [-57.583122, -25.3052172], [-57.584562, -25.3075873], [-57.5847053, -25.3078231], [-57.5855494, -25.3092168], [-57.5863169, -25.3104843], [-57.5870868, -25.3117572], [-57.5871244, -25.3118219], [-57.5871619, -25.3118738]]');
INSERT INTO location (id, name, coordinates) VALUES (23, 'LUIS ALBERTO DE HERRERA', '[[-57.5629327, -25.3021578], [-57.5625395, -25.3023734], [-57.5604844, -25.3034717], [-57.5592476, -25.3041336], [-57.5579833, -25.3048202], [-57.5549994, -25.3064779], [-57.5542697, -25.3068982], [-57.5532249, -25.3075047], [-57.5531851, -25.3073159], [-57.5529387, -25.3058481], [-57.5528636, -25.3053537], [-57.5528057, -25.3048925], [-57.5527558, -25.3045224], [-57.5525155, -25.3030284], [-57.5525009, -25.302931], [-57.5524797, -25.3027892], [-57.5521588, -25.3010318], [-57.5520472, -25.3005119], [-57.551146, -25.2970898], [-57.5510258, -25.2965], [-57.5510008, -25.2962201], [-57.5509756, -25.2959939], [-57.55094, -25.2957085], [-57.550837, -25.2952739], [-57.5502285, -25.2932235], [-57.550904, -25.2933455], [-57.5520473, -25.2932895], [-57.5520703, -25.2932884], [-57.5536822, -25.2932097], [-57.5552415, -25.2931367], [-57.5568982, -25.293039], [-57.5570478, -25.2930337], [-57.5575566, -25.2938714], [-57.5580276, -25.2945984], [-57.5585768, -25.2954488], [-57.5591299, -25.2962951], [-57.5596634, -25.2971383], [-57.5602012, -25.2979555], [-57.5607568, -25.2988063], [-57.5612927, -25.2996271], [-57.5618358, -25.3004641], [-57.5623889, -25.3012937], [-57.5628976, -25.302108], [-57.5629327, -25.3021578]]');
INSERT INTO location (id, name, coordinates) VALUES (24, 'MADAME LYNCH', '[[-57.5673576, -25.2754498], [-57.5670966, -25.2756642], [-57.5670259, -25.2757226], [-57.5664336, -25.2761406], [-57.5656545, -25.2765963], [-57.5643169, -25.2773477], [-57.5627559, -25.2782458], [-57.5626839, -25.2782871], [-57.5626196, -25.2783386], [-57.5615834, -25.2792782], [-57.5607071, -25.2800935], [-57.5602992, -25.2804645], [-57.56008, -25.2806982], [-57.5600748, -25.2807551], [-57.5599898, -25.280717], [-57.5583011, -25.2799389], [-57.5580436, -25.2798273], [-57.5574926, -25.2795562], [-57.5574374, -25.279529], [-57.5572202, -25.2794077], [-57.5570612, -25.2793045], [-57.5563431, -25.2787844], [-57.5562298, -25.2787079], [-57.5560978, -25.2786332], [-57.5561309, -25.2785819], [-57.5561298, -25.2785076], [-57.5560449, -25.2783263], [-57.55581, -25.2778585], [-57.5556069, -25.2774161], [-57.5553748, -25.2770364], [-57.555108, -25.2766297], [-57.5544483, -25.2757091], [-57.5543825, -25.2756494], [-57.5542642, -25.2755096], [-57.5540668, -25.275292], [-57.5539269, -25.2751057], [-57.5538294, -25.274976], [-57.5537471, -25.2748499], [-57.5537009, -25.2747192], [-57.5537086, -25.2743553], [-57.5537054, -25.2742557], [-57.5536812, -25.2741557], [-57.5530025, -25.2732524], [-57.5527933, -25.2729646], [-57.5527053, -25.2728833], [-57.5526052, -25.2728292], [-57.5524326, -25.27274], [-57.5518045, -25.2724285], [-57.5510111, -25.272035], [-57.5508924, -25.2719581], [-57.5506335, -25.2717552], [-57.5505769, -25.2717038], [-57.5505016, -25.2716354], [-57.5502259, -25.271308], [-57.5499963, -25.2709005], [-57.5499222, -25.2707074], [-57.5499048, -25.2705704], [-57.5498731, -25.2702671], [-57.5498493, -25.2699596], [-57.5498552, -25.2698228], [-57.5498198, -25.2696314], [-57.5497602, -25.2694946], [-57.5492065, -25.2683277], [-57.5491725, -25.2682709], [-57.5509007, -25.2673284], [-57.5527331, -25.2663436], [-57.5545406, -25.2653563], [-57.5563445, -25.2643782], [-57.5575666, -25.263693], [-57.5588757, -25.2629656], [-57.558907, -25.2630202], [-57.5593238, -25.2636874], [-57.5596885, -25.2642661], [-57.5600852, -25.2649016], [-57.5604888, -25.265478], [-57.5608365, -25.2660321], [-57.5612454, -25.2666559], [-57.561287, -25.26672], [-57.5613371, -25.2667897], [-57.5614288, -25.2669273], [-57.5616288, -25.2671968], [-57.5618372, -25.2674626], [-57.5622205, -25.2679314], [-57.5626778, -25.2685034], [-57.5631244, -25.2690733], [-57.5635096, -25.2696268], [-57.5635641, -25.2697001], [-57.5640194, -25.2703613], [-57.5643895, -25.2709212], [-57.5652025, -25.2721096], [-57.565668, -25.272844], [-57.5660998, -25.2735384], [-57.5664889, -25.2741462], [-57.5669084, -25.2747364], [-57.5673364, -25.2754224], [-57.5673576, -25.2754498]]');
INSERT INTO location (id, name, coordinates) VALUES (25, 'MANORA', '[[-57.5805207, -25.2839137], [-57.5804992, -25.284035], [-57.5802985, -25.2850729], [-57.5802509, -25.285068], [-57.5791186, -25.2849839], [-57.578838, -25.2849859], [-57.5785576, -25.2850117], [-57.57848, -25.2850244], [-57.5776778, -25.285204], [-57.5770875, -25.2853484], [-57.576736, -25.2854164], [-57.5765201, -25.285481], [-57.5755459, -25.2857163], [-57.5751947, -25.2857891], [-57.5740921, -25.286043], [-57.57374, -25.2861241], [-57.5728447, -25.2863318], [-57.5725114, -25.2864241], [-57.5723525, -25.286447], [-57.5721788, -25.2864532], [-57.5719075, -25.286446], [-57.5717284, -25.2864111], [-57.571601, -25.2863732], [-57.57099, -25.2861208], [-57.5703006, -25.2857946], [-57.5696867, -25.2854437], [-57.5686151, -25.2847402], [-57.5678638, -25.2843004], [-57.5672697, -25.2840193], [-57.566905, -25.2838738], [-57.5665938, -25.2837671], [-57.5662406, -25.2836958], [-57.5655472, -25.2835778], [-57.5646908, -25.2834959], [-57.5644019, -25.283454], [-57.5639198, -25.2833715], [-57.5639261, -25.2833094], [-57.5639556, -25.2831176], [-57.5639627, -25.282976], [-57.5639687, -25.2824682], [-57.5639703, -25.28195], [-57.5648847, -25.2818356], [-57.5656605, -25.2817294], [-57.5658793, -25.281697], [-57.5666423, -25.281586], [-57.5676791, -25.2814425], [-57.5678619, -25.2814227], [-57.5686533, -25.2813244], [-57.5691553, -25.281247], [-57.5708252, -25.2810027], [-57.5709459, -25.2809881], [-57.570983, -25.2810516], [-57.5711543, -25.2819615], [-57.5711677, -25.2820527], [-57.5720417, -25.2819303], [-57.5729183, -25.281796], [-57.5744314, -25.2815576], [-57.5756261, -25.2813716], [-57.5758701, -25.2812862], [-57.5760871, -25.281219], [-57.5782839, -25.2803694], [-57.5793523, -25.2800823], [-57.5794137, -25.2800666], [-57.5796553, -25.2808775], [-57.5801205, -25.2825022], [-57.5805046, -25.28371], [-57.5805207, -25.2838119], [-57.5805207, -25.2839137]]');
INSERT INTO location (id, name, coordinates) VALUES (26, 'MBOCAYATY', '[[-57.5685472, -25.257524], [-57.5669266, -25.2584492], [-57.5644126, -25.2598615], [-57.5617895, -25.2613411], [-57.5598621, -25.2624164], [-57.5588757, -25.2629656], [-57.5575666, -25.263693], [-57.5563445, -25.2643782], [-57.5545406, -25.2653563], [-57.5527331, -25.2663436], [-57.5509007, -25.2673284], [-57.5491725, -25.2682709], [-57.5481198, -25.2688496], [-57.5474118, -25.2692542], [-57.5462607, -25.2699118], [-57.5461883, -25.2699531], [-57.5462241, -25.2698373], [-57.5467893, -25.2671188], [-57.5476061, -25.2633244], [-57.5481143, -25.2610025], [-57.5483396, -25.2602605], [-57.5483883, -25.2601553], [-57.5484664, -25.2597816], [-57.5485124, -25.2595577], [-57.5485834, -25.2592128], [-57.5487178, -25.2586311], [-57.5488342, -25.2581586], [-57.5489122, -25.257842], [-57.5490177, -25.2572476], [-57.5490562, -25.2571906], [-57.5491041, -25.2571518], [-57.5491797, -25.2571268], [-57.5491571, -25.2570743], [-57.5491424, -25.2570271], [-57.5502719, -25.2568445], [-57.5509589, -25.2567451], [-57.5514449, -25.2566725], [-57.5515525, -25.2566704], [-57.5518002, -25.2566529], [-57.5535321, -25.2566224], [-57.5579496, -25.2565726], [-57.560017, -25.2565349], [-57.5662141, -25.2564584], [-57.5663991, -25.2564605], [-57.5664314, -25.2564801], [-57.5664892, -25.256507], [-57.5665627, -25.2565412], [-57.5666118, -25.2565629], [-57.5668641, -25.2566825], [-57.5670949, -25.2568036], [-57.56739, -25.2569567], [-57.5677461, -25.2571389], [-57.5684554, -25.2575147], [-57.5685472, -25.257524]]');
INSERT INTO location (id, name, coordinates) VALUES (27, 'MBURICAO', '[[-57.6076345, -25.3049263], [-57.6057333, -25.305526], [-57.6034266, -25.3062484], [-57.6018074, -25.3067721], [-57.5991082, -25.3077032], [-57.596337, -25.3086341], [-57.5963225, -25.3085866], [-57.5959676, -25.3073141], [-57.5957048, -25.3064032], [-57.5955065, -25.305712], [-57.5952704, -25.3048857], [-57.5950798, -25.3042078], [-57.5947492, -25.3030927], [-57.594731, -25.3030351], [-57.5944922, -25.3021941], [-57.5938727, -25.300105], [-57.5934676, -25.2987677], [-57.5929045, -25.2968311], [-57.5929494, -25.2968221], [-57.5948714, -25.2964546], [-57.5949485, -25.2964346], [-57.5950379, -25.2963695], [-57.5951198, -25.2963217], [-57.595209, -25.2962864], [-57.5969544, -25.2958831], [-57.5982363, -25.2955684], [-57.5992157, -25.2953294], [-57.5993788, -25.2954417], [-57.6002922, -25.2960703], [-57.6007832, -25.2956164], [-57.6008904, -25.295546], [-57.6013465, -25.2953154], [-57.6010199, -25.2948228], [-57.6004425, -25.2939625], [-57.5998176, -25.2930203], [-57.5989296, -25.2917083], [-57.598909, -25.2916699], [-57.6007124, -25.2920042], [-57.6032418, -25.2924499], [-57.6033019, -25.292461], [-57.6038257, -25.294578], [-57.6044432, -25.2971091], [-57.6044673, -25.297194], [-57.6046119, -25.2975498], [-57.6048016, -25.2979988], [-57.6051404, -25.2988301], [-57.6054869, -25.2996604], [-57.6058008, -25.3004535], [-57.6061389, -25.3012778], [-57.6064953, -25.302123], [-57.6069076, -25.3031165], [-57.6073224, -25.3041375], [-57.6076146, -25.3048754], [-57.6076345, -25.3049263]]');
INSERT INTO location (id, name, coordinates) VALUES (28, 'MBURUCUYA', '[[-57.579195, -25.2627022], [-57.5784209, -25.2634818], [-57.577636, -25.26432], [-57.5773551, -25.2646087], [-57.5772876, -25.2647434], [-57.5772322, -25.2648232], [-57.5764488, -25.2656741], [-57.576304, -25.2658245], [-57.576084, -25.2660646], [-57.5758964, -25.266264], [-57.5757221, -25.2664605], [-57.5754243, -25.2668], [-57.5748787, -25.2674332], [-57.5742682, -25.2681069], [-57.5742288, -25.2681483], [-57.5732716, -25.2692427], [-57.5728828, -25.2696716], [-57.5722938, -25.2703194], [-57.5720417, -25.2706274], [-57.5718091, -25.2709249], [-57.5710631, -25.2720246], [-57.5708281, -25.2723544], [-57.5702769, -25.2731547], [-57.5699706, -25.2735188], [-57.5692747, -25.2740499], [-57.5686599, -25.2745102], [-57.5673576, -25.2754498], [-57.5673364, -25.2754224], [-57.5669084, -25.2747364], [-57.5664889, -25.2741462], [-57.5660998, -25.2735384], [-57.565668, -25.272844], [-57.5652025, -25.2721096], [-57.5643895, -25.2709212], [-57.5640194, -25.2703613], [-57.5635641, -25.2697001], [-57.5635096, -25.2696268], [-57.5631244, -25.2690733], [-57.5626778, -25.2685034], [-57.5622205, -25.2679314], [-57.5618372, -25.2674626], [-57.5616288, -25.2671968], [-57.5614288, -25.2669273], [-57.5613371, -25.2667897], [-57.561287, -25.26672], [-57.5612454, -25.2666559], [-57.5608365, -25.2660321], [-57.5604888, -25.265478], [-57.5600852, -25.2649016], [-57.5596885, -25.2642661], [-57.5593238, -25.2636874], [-57.558907, -25.2630202], [-57.5588757, -25.2629656], [-57.5598621, -25.2624164], [-57.5617895, -25.2613411], [-57.5644126, -25.2598615], [-57.5669266, -25.2584492], [-57.5685472, -25.257524], [-57.5686482, -25.257534], [-57.5694429, -25.2578166], [-57.5698274, -25.2579564], [-57.5715856, -25.258622], [-57.5722303, -25.2588378], [-57.5725578, -25.2589496], [-57.5732757, -25.2591652], [-57.5737476, -25.2593069], [-57.5747764, -25.2596536], [-57.5748404, -25.2596786], [-57.5750773, -25.259771], [-57.5754179, -25.2599403], [-57.5757063, -25.2601068], [-57.5768464, -25.2607653], [-57.5769229, -25.2608095], [-57.5770079, -25.2608681], [-57.5774774, -25.2612779], [-57.5779692, -25.2616859], [-57.5783042, -25.2619597], [-57.579195, -25.2627022]]');
INSERT INTO location (id, name, coordinates) VALUES (29, 'MARISCAL LOPEZ', '[[-57.6112341, -25.293864], [-57.6109945, -25.2938705], [-57.6108262, -25.2938608], [-57.6099302, -25.2936919], [-57.6080086, -25.293354], [-57.6062073, -25.2930202], [-57.6059714, -25.2929778], [-57.6040588, -25.2926128], [-57.603351, -25.2924682], [-57.6033019, -25.292461], [-57.6032418, -25.2924499], [-57.6007124, -25.2920042], [-57.598909, -25.2916699], [-57.5969343, -25.2913076], [-57.5969182, -25.2912748], [-57.5958379, -25.2891718], [-57.5950993, -25.2878222], [-57.5950663, -25.2877284], [-57.5950386, -25.2876263], [-57.5949697, -25.2871942], [-57.5947953, -25.2858336], [-57.5946884, -25.2844016], [-57.5946754, -25.2842724], [-57.5945019, -25.2823385], [-57.5953145, -25.2822641], [-57.5962661, -25.2821228], [-57.5972389, -25.2819692], [-57.5981821, -25.2818279], [-57.5989264, -25.2817165], [-57.5996752, -25.2816044], [-57.6006044, -25.2814653], [-57.6006648, -25.2814824], [-57.6007239, -25.2814987], [-57.6013265, -25.2817059], [-57.6022209, -25.2820095], [-57.6030913, -25.2823047], [-57.6040403, -25.2826265], [-57.6049233, -25.2829259], [-57.6055873, -25.2831678], [-57.6054028, -25.2835636], [-57.6056867, -25.2835725], [-57.6060323, -25.2850574], [-57.6071524, -25.2848448], [-57.6082745, -25.2846318], [-57.6085534, -25.2845729], [-57.6095524, -25.2843892], [-57.609556, -25.2847079], [-57.6095656, -25.2857339], [-57.6095412, -25.2875613], [-57.6097592, -25.2881769], [-57.6098297, -25.2884665], [-57.610088, -25.2895896], [-57.6101784, -25.289945], [-57.6104866, -25.2911539], [-57.6108997, -25.2927401], [-57.611164, -25.293613], [-57.6112194, -25.2938059], [-57.6112341, -25.293864]]');
INSERT INTO location (id, name, coordinates) VALUES (30, 'MARISCAL ESTIGARRIBIA', '[[-57.583122, -25.3052172], [-57.5830719, -25.3052388], [-57.5823246, -25.3056083], [-57.5812372, -25.3061444], [-57.5804956, -25.3065108], [-57.5802046, -25.306665], [-57.5799285, -25.3067545], [-57.5798221, -25.3068651], [-57.5791211, -25.3077813], [-57.5789749, -25.3078128], [-57.5779572, -25.3081769], [-57.5765527, -25.308646], [-57.5753694, -25.3090428], [-57.5739572, -25.3095355], [-57.5731772, -25.3098002], [-57.5724364, -25.3100539], [-57.5718905, -25.3102719], [-57.5707063, -25.3108034], [-57.569728, -25.3112079], [-57.5690616, -25.3103756], [-57.5683605, -25.309517], [-57.5681545, -25.3092695], [-57.5676229, -25.3086309], [-57.5665456, -25.307341], [-57.5657279, -25.3063391], [-57.565161, -25.3055916], [-57.5648401, -25.3052274], [-57.5647493, -25.305118], [-57.5646827, -25.3050377], [-57.5645344, -25.3048593], [-57.5643079, -25.3045869], [-57.5635592, -25.3036419], [-57.5631623, -25.3031547], [-57.5625547, -25.3024034], [-57.5625395, -25.3023734], [-57.5629327, -25.3021578], [-57.5630938, -25.3020476], [-57.5641464, -25.3014804], [-57.5653841, -25.3008131], [-57.5665053, -25.3001823], [-57.5676794, -25.2995567], [-57.568788, -25.2989423], [-57.5697478, -25.2984409], [-57.5704883, -25.2981628], [-57.5718898, -25.2975945], [-57.5729327, -25.2971494], [-57.5739585, -25.2967106], [-57.574994, -25.2962535], [-57.5771315, -25.2953353], [-57.5781435, -25.2970002], [-57.5781746, -25.2970513], [-57.5814648, -25.3024705], [-57.583122, -25.3052172]]');
INSERT INTO location (id, name, coordinates) VALUES (31, 'NAZARETH', '[[-57.6023198, -25.3255586], [-57.601109, -25.3264491], [-57.6006055, -25.3268193], [-57.5999374, -25.3273107], [-57.5990479, -25.3279649], [-57.5989762, -25.3280176], [-57.5981423, -25.3271502], [-57.5975004, -25.3264505], [-57.5974602, -25.326402], [-57.5974373, -25.3263557], [-57.5974239, -25.3263097], [-57.5974119, -25.3261887], [-57.597397, -25.3261206], [-57.5973702, -25.3260551], [-57.5973219, -25.3259824], [-57.5972547, -25.3258839], [-57.5949443, -25.3227222], [-57.5941958, -25.3216829], [-57.5924486, -25.319275], [-57.5915702, -25.3180653], [-57.5910552, -25.3173561], [-57.5891775, -25.3147231], [-57.5881261, -25.3133022], [-57.5871619, -25.3118738], [-57.5923533, -25.3100677], [-57.5951446, -25.3090825], [-57.596337, -25.3086341], [-57.5970429, -25.3110009], [-57.5991243, -25.3181342], [-57.5999022, -25.32068], [-57.6006586, -25.3230269], [-57.6009245, -25.3238573], [-57.600989, -25.3240125], [-57.6015794, -25.3247223], [-57.6023198, -25.3255586]]');
INSERT INTO location (id, name, coordinates) VALUES (32, 'OBRERO', '[[-57.6507273, -25.3032906], [-57.6498468, -25.3037849], [-57.6492143, -25.3041398], [-57.648476, -25.3045541], [-57.6478124, -25.3049361], [-57.6476324, -25.3050397], [-57.6468573, -25.3054859], [-57.6464638, -25.3057125], [-57.646144, -25.3058966], [-57.645423, -25.3063116], [-57.6448113, -25.3066638], [-57.6446362, -25.3067612], [-57.6436849, -25.3072903], [-57.6428895, -25.3077407], [-57.6421072, -25.3081889], [-57.6413153, -25.3086563], [-57.6411218, -25.3087604], [-57.6403209, -25.3092045], [-57.6395507, -25.3096616], [-57.6387366, -25.3101203], [-57.637967, -25.31055], [-57.6372329, -25.3109471], [-57.6364554, -25.3113833], [-57.6356797, -25.3118316], [-57.635308, -25.3120488], [-57.6349248, -25.3122636], [-57.6346649, -25.3123684], [-57.6344957, -25.3124412], [-57.6342911, -25.3125354], [-57.6333644, -25.3129678], [-57.6332669, -25.3130084], [-57.6331895, -25.3130306], [-57.6331018, -25.3130488], [-57.633037, -25.3130479], [-57.6329372, -25.3130339], [-57.6328563, -25.3130252], [-57.6319491, -25.3127923], [-57.6310453, -25.3125597], [-57.6310105, -25.3125528], [-57.6309517, -25.3125381], [-57.6311043, -25.3119539], [-57.6311499, -25.3117672], [-57.6311714, -25.311651], [-57.6313525, -25.3106616], [-57.6313898, -25.3104581], [-57.6317063, -25.308825], [-57.6317706, -25.3084264], [-57.6318973, -25.3073205], [-57.6319823, -25.3064173], [-57.6319946, -25.306277], [-57.6320415, -25.3051878], [-57.6320838, -25.3043641], [-57.6320943, -25.3041828], [-57.6321129, -25.3039038], [-57.632145, -25.303688], [-57.6321764, -25.3034795], [-57.632255, -25.3031448], [-57.6324964, -25.3020203], [-57.6325114, -25.3018242], [-57.6325083, -25.3015997], [-57.6325045, -25.3014959], [-57.632491, -25.3014037], [-57.6324496, -25.3010856], [-57.6322762, -25.300179], [-57.6321914, -25.2997691], [-57.6321196, -25.2993141], [-57.6321571, -25.2993083], [-57.6331614, -25.2991456], [-57.6341663, -25.2989728], [-57.6342056, -25.2989617], [-57.6342457, -25.2989481], [-57.634274, -25.2989813], [-57.6343982, -25.2991187], [-57.6345418, -25.2990483], [-57.6355201, -25.2985089], [-57.6356801, -25.2984102], [-57.6366508, -25.2978323], [-57.6370378, -25.2976189], [-57.6375246, -25.2973355], [-57.6386975, -25.2967158], [-57.6393232, -25.2963627], [-57.639503, -25.2962612], [-57.6393775, -25.2960762], [-57.6401555, -25.2956174], [-57.6410455, -25.2950961], [-57.6417896, -25.2946646], [-57.6425227, -25.2942389], [-57.6431523, -25.2938755], [-57.6440188, -25.2933754], [-57.6445047, -25.2940935], [-57.6449742, -25.2947875], [-57.6455613, -25.2956551], [-57.6460907, -25.2964377], [-57.6464183, -25.296922], [-57.6467806, -25.2974578], [-57.6471764, -25.2980424], [-57.6475804, -25.2986395], [-57.6479577, -25.2991972], [-57.6483439, -25.299768], [-57.6485161, -25.3000307], [-57.6485972, -25.3001531], [-57.6487339, -25.3003444], [-57.6491212, -25.3009169], [-57.649481, -25.3014486], [-57.6495371, -25.3015315], [-57.6499031, -25.3020725], [-57.6502693, -25.3026137], [-57.6507273, -25.3032906]]');
INSERT INTO location (id, name, coordinates) VALUES (33, 'PINOZA', '[[-57.6218302, -25.2993143], [-57.6215042, -25.2999219], [-57.620921, -25.3010998], [-57.6207654, -25.3014142], [-57.6206518, -25.3015637], [-57.6202842, -25.3029344], [-57.6201369, -25.3034889], [-57.6199974, -25.3039933], [-57.6199259, -25.3041876], [-57.6189272, -25.3066373], [-57.6188653, -25.3067572], [-57.6187441, -25.3068736], [-57.618426, -25.3071261], [-57.6181535, -25.3073147], [-57.6165803, -25.308249], [-57.6161189, -25.308523], [-57.615443, -25.3089498], [-57.6151318, -25.3091632], [-57.6149986, -25.3092748], [-57.6149119, -25.3093474], [-57.6147027, -25.3095172], [-57.6144506, -25.3097839], [-57.6143309, -25.3098972], [-57.6140616, -25.3101968], [-57.6137121, -25.3105986], [-57.6131332, -25.3112947], [-57.6122536, -25.3122753], [-57.6114052, -25.3131675], [-57.6102499, -25.3105911], [-57.6088885, -25.3076816], [-57.6076345, -25.3049263], [-57.6111039, -25.3038025], [-57.6139789, -25.3028557], [-57.6178945, -25.3015734], [-57.6180259, -25.3015305], [-57.6181466, -25.3014764], [-57.6204541, -25.3001774], [-57.6212783, -25.2996762], [-57.6218302, -25.2993143]]');
INSERT INTO location (id, name, coordinates) VALUES (34, 'PRESIDENTE CARLOS ANTONIO LOPEZ', '[[-25.290880, -57.666839], [-25.287753, -57.647921], [-25.298633, -57.655611], [-25.300453, -57.659048], [-25.298761, -57.661310], [-25.299462, -57.662680], [-25.299038, -57.663456], [-25.300066, -57.664450], [-25.299663, -57.664847], [-25.290880, -57.666839]]');
INSERT INTO location (id, name, coordinates) VALUES (35, 'RECOLETA', '[[-57.6013465, -25.2953154], [-57.6008904, -25.295546], [-57.6007832, -25.2956164], [-57.6002922, -25.2960703], [-57.5993788, -25.2954417], [-57.5992157, -25.2953294], [-57.5982363, -25.2955684], [-57.5969544, -25.2958831], [-57.595209, -25.2962864], [-57.5951198, -25.2963217], [-57.5950379, -25.2963695], [-57.5949485, -25.2964346], [-57.5948714, -25.2964546], [-57.5929494, -25.2968221], [-57.5929045, -25.2968311], [-57.5934676, -25.2987677], [-57.5938727, -25.300105], [-57.5944922, -25.3021941], [-57.594731, -25.3030351], [-57.5946925, -25.3030394], [-57.5936847, -25.3031514], [-57.5935565, -25.3031766], [-57.5924707, -25.3036837], [-57.5904499, -25.3046808], [-57.5892193, -25.3052971], [-57.5883451, -25.3057349], [-57.587344, -25.3061888], [-57.5864679, -25.3066237], [-57.5855917, -25.3070782], [-57.5850409, -25.3073455], [-57.5846151, -25.3075602], [-57.584562, -25.3075873], [-57.583122, -25.3052172], [-57.5814648, -25.3024705], [-57.5781746, -25.2970513], [-57.5781435, -25.2970002], [-57.5771315, -25.2953353], [-57.5780638, -25.2949399], [-57.5789504, -25.2945555], [-57.5798604, -25.2941527], [-57.5807607, -25.2937657], [-57.5816752, -25.2933693], [-57.5825654, -25.2929675], [-57.5834815, -25.2925794], [-57.5843751, -25.2921848], [-57.5852493, -25.2918001], [-57.5861727, -25.2913851], [-57.5870654, -25.2909904], [-57.5879508, -25.2906004], [-57.5892043, -25.2900484], [-57.5895383, -25.2899429], [-57.5897105, -25.2897486], [-57.5892311, -25.2881616], [-57.5887516, -25.2865246], [-57.5888052, -25.2865293], [-57.5916497, -25.2868162], [-57.5918212, -25.2868321], [-57.5931094, -25.2869739], [-57.5937053, -25.2870474], [-57.5949697, -25.2871942], [-57.5950386, -25.2876263], [-57.5950663, -25.2877284], [-57.5950993, -25.2878222], [-57.5958379, -25.2891718], [-57.5969182, -25.2912748], [-57.5969343, -25.2913076], [-57.598909, -25.2916699], [-57.5989296, -25.2917083], [-57.5998176, -25.2930203], [-57.6004425, -25.2939625], [-57.6010199, -25.2948228], [-57.6013465, -25.2953154]]');
INSERT INTO location (id, name, coordinates) VALUES (36, 'REPUBLICANO', '[[-57.6431382, -25.3210898], [-57.6428735, -25.3216901], [-57.6428537, -25.3217359], [-57.6426048, -25.3223126], [-57.6423728, -25.3229034], [-57.642189, -25.3234426], [-57.642119, -25.3236517], [-57.6418642, -25.3244891], [-57.6404563, -25.3238892], [-57.6401143, -25.3237435], [-57.6400112, -25.3236995], [-57.6392623, -25.3234094], [-57.6383364, -25.3230537], [-57.6379801, -25.3229168], [-57.6379012, -25.3228989], [-57.6378197, -25.3228971], [-57.6367986, -25.3229694], [-57.635685, -25.3230731], [-57.6352135, -25.3231267], [-57.6343886, -25.3232822], [-57.633611, -25.323402], [-57.6335289, -25.3240799], [-57.6334841, -25.3244852], [-57.6334748, -25.3247793], [-57.6334764, -25.3248816], [-57.6334954, -25.3250133], [-57.6335332, -25.325158], [-57.6336081, -25.3253277], [-57.6337075, -25.3255064], [-57.6338726, -25.3257306], [-57.634288, -25.3263164], [-57.6345337, -25.3266733], [-57.6346093, -25.3268104], [-57.6346048, -25.3269247], [-57.6328978, -25.3271064], [-57.6320886, -25.3272291], [-57.6313555, -25.3273274], [-57.630588, -25.3274357], [-57.6298338, -25.3272832], [-57.629117, -25.3271296], [-57.6283916, -25.3269746], [-57.6273743, -25.3267598], [-57.6273305, -25.32675], [-57.6275542, -25.3258528], [-57.6279397, -25.3243616], [-57.6284433, -25.3224502], [-57.6285919, -25.3218227], [-57.6289492, -25.3204245], [-57.629485, -25.318376], [-57.629662, -25.3176754], [-57.6297379, -25.3173542], [-57.6299685, -25.3164698], [-57.6302056, -25.3155762], [-57.6305184, -25.3143605], [-57.6305671, -25.3141636], [-57.6306942, -25.31361], [-57.6308414, -25.3136309], [-57.6309783, -25.3136682], [-57.6311017, -25.3136973], [-57.6312251, -25.3137264], [-57.6313753, -25.3137991], [-57.6314879, -25.3138525], [-57.6316376, -25.3139398], [-57.6317186, -25.313998], [-57.6319064, -25.3141483], [-57.6320614, -25.3142259], [-57.6322009, -25.3142889], [-57.6323355, -25.3143326], [-57.6324428, -25.3143277], [-57.6325555, -25.3142986], [-57.6326252, -25.3142404], [-57.6326788, -25.314158], [-57.6326949, -25.3140659], [-57.6327051, -25.3139398], [-57.6327861, -25.3137991], [-57.6328451, -25.3137507], [-57.6329095, -25.313741], [-57.6330114, -25.3137555], [-57.6331402, -25.3138088], [-57.633285, -25.3138719], [-57.6334138, -25.3139495], [-57.6334835, -25.3139931], [-57.6337249, -25.3139931], [-57.6339341, -25.3139834], [-57.6340468, -25.3139931], [-57.6341654, -25.3140316], [-57.6342453, -25.3141095], [-57.6343365, -25.3142404], [-57.6344437, -25.3143908], [-57.6345237, -25.3145362], [-57.6345564, -25.3146284], [-57.6345779, -25.314706], [-57.6346422, -25.3147884], [-57.6347066, -25.314832], [-57.6349319, -25.3149242], [-57.635066, -25.3149581], [-57.6351894, -25.3149581], [-57.6353557, -25.3149193], [-57.6354576, -25.3148272], [-57.6355542, -25.3147593], [-57.6356454, -25.3147157], [-57.6358653, -25.314706], [-57.6359404, -25.3147496], [-57.6360048, -25.3148126], [-57.6360262, -25.314866], [-57.6360423, -25.3149921], [-57.6360961, -25.3151714], [-57.6361926, -25.3154235], [-57.6362624, -25.3155642], [-57.6363214, -25.3157193], [-57.6363857, -25.3158406], [-57.6364716, -25.3159472], [-57.6366647, -25.3161509], [-57.6368632, -25.3163303], [-57.6370724, -25.3164904], [-57.6373031, -25.3167134], [-57.6376088, -25.3169704], [-57.6377215, -25.3170577], [-57.6380965, -25.3172303], [-57.6382257, -25.3172565], [-57.6383438, -25.3172711], [-57.6384403, -25.3172953], [-57.6384993, -25.3173729], [-57.6385262, -25.3174408], [-57.638612, -25.317659], [-57.638671, -25.317756], [-57.6387085, -25.3178821], [-57.6386919, -25.317982], [-57.6386603, -25.3180615], [-57.6387217, -25.3181959], [-57.6385363, -25.3183041], [-57.638159, -25.3185345], [-57.6371517, -25.3191014], [-57.6379581, -25.3194276], [-57.6387248, -25.3197515], [-57.6388039, -25.3197802], [-57.6394112, -25.3200549], [-57.639469, -25.3200793], [-57.6398936, -25.3202585], [-57.64029, -25.3203971], [-57.6411275, -25.3206767], [-57.6412197, -25.3207075], [-57.6416218, -25.3204811], [-57.6418385, -25.320411], [-57.6420171, -25.3203914], [-57.6421974, -25.3203936], [-57.642363, -25.3205341], [-57.6426879, -25.3207763], [-57.6429781, -25.320974], [-57.643084, -25.3210462], [-57.6431382, -25.3210898]]');
INSERT INTO location (id, name, coordinates) VALUES (37, 'RICARDO BRUGADA', '[[-57.6344531, -25.2786881], [-57.6342762, -25.2786737], [-57.6338795, -25.2789072], [-57.633386, -25.2791316], [-57.6331182, -25.2793033], [-57.6329062, -25.2794641], [-57.6328111, -25.2795217], [-57.6326228, -25.2796428], [-57.6325422, -25.2796854], [-57.6323498, -25.2797519], [-57.6322803, -25.2797683], [-57.6322171, -25.2797969], [-57.6316288, -25.2801236], [-57.6312375, -25.2803611], [-57.6311217, -25.2804047], [-57.6310368, -25.2804258], [-57.6309534, -25.2804418], [-57.6308503, -25.2804488], [-57.6303194, -25.280473], [-57.6302217, -25.2804805], [-57.6301427, -25.2804971], [-57.6299645, -25.280562], [-57.6298802, -25.2805908], [-57.629766, -25.2806299], [-57.6296051, -25.2804796], [-57.6291712, -25.2807244], [-57.6291372, -25.2807469], [-57.6290488, -25.2807705], [-57.6289601, -25.2807789], [-57.6285294, -25.2807934], [-57.6282068, -25.2807877], [-57.6277462, -25.2807719], [-57.6272486, -25.2807771], [-57.6273135, -25.2811327], [-57.6273729, -25.2811549], [-57.6274259, -25.2811934], [-57.627472, -25.2812412], [-57.6275628, -25.2813524], [-57.627667, -25.2814898], [-57.6277306, -25.2815948], [-57.6278357, -25.2817732], [-57.6279419, -25.2819269], [-57.6281122, -25.2821473], [-57.6292073, -25.2837238], [-57.6291086, -25.28378], [-57.6287951, -25.2839784], [-57.6284549, -25.2841855], [-57.6281779, -25.284361], [-57.6280723, -25.2844206], [-57.6277163, -25.2846079], [-57.6275503, -25.2846991], [-57.6274934, -25.2845597], [-57.6270871, -25.2839799], [-57.6270515, -25.2839479], [-57.6270006, -25.2839333], [-57.6269496, -25.2839285], [-57.6268742, -25.283935], [-57.6265405, -25.284013], [-57.6263619, -25.2840611], [-57.626319, -25.284066], [-57.6261594, -25.2840685], [-57.6259052, -25.2841417], [-57.6249115, -25.2844279], [-57.6243542, -25.2845698], [-57.6225874, -25.2849694], [-57.6220928, -25.2850721], [-57.622678, -25.2858748], [-57.6235029, -25.286989], [-57.6224486, -25.2876068], [-57.6214154, -25.2881978], [-57.6202815, -25.2888473], [-57.6191218, -25.2895085], [-57.6190943, -25.2894733], [-57.61848, -25.2886726], [-57.6182717, -25.2883921], [-57.6177191, -25.287648], [-57.6172529, -25.2869778], [-57.6166985, -25.2862422], [-57.6164621, -25.2847401], [-57.6163064, -25.283513], [-57.6162973, -25.2834495], [-57.6162681, -25.2832091], [-57.6162594, -25.2831521], [-57.6161634, -25.2825205], [-57.616102, -25.2821266], [-57.6160866, -25.2820134], [-57.6160302, -25.2816651], [-57.6158932, -25.2807598], [-57.615769, -25.2800768], [-57.6157551, -25.2798856], [-57.6158859, -25.2797733], [-57.6160278, -25.2793205], [-57.6160278, -25.2792477], [-57.6159956, -25.2791653], [-57.6159849, -25.2790586], [-57.6159849, -25.2789373], [-57.6160278, -25.2788354], [-57.6160975, -25.2787433], [-57.6162048, -25.2786414], [-57.6163765, -25.2783455], [-57.6164409, -25.2781952], [-57.6171318, -25.2771601], [-57.6174225, -25.2768128], [-57.6177444, -25.2763519], [-57.6184607, -25.2754154], [-57.6190719, -25.2759213], [-57.6193312, -25.2760735], [-57.6197829, -25.276221], [-57.6201316, -25.2762646], [-57.6256372, -25.2759042], [-57.6259869, -25.2758656], [-57.6272261, -25.2757298], [-57.6276922, -25.2757011], [-57.6281085, -25.2757686], [-57.6285591, -25.2758656], [-57.628712, -25.2758777], [-57.6288407, -25.2758292], [-57.6297861, -25.2761509], [-57.6303326, -25.2763604], [-57.630807, -25.2764761], [-57.6312153, -25.2765551], [-57.6315286, -25.2765785], [-57.6318606, -25.2765515], [-57.6321782, -25.2764994], [-57.6324335, -25.2764361], [-57.6327205, -25.2763], [-57.6336248, -25.2757365], [-57.6336258, -25.2757359], [-57.6337133, -25.2761006], [-57.6337519, -25.2762614], [-57.6337833, -25.2763924], [-57.6340962, -25.2776969], [-57.634138, -25.2777874], [-57.6342429, -25.2780588], [-57.6343447, -25.2783346], [-57.6343668, -25.2784067], [-57.6344531, -25.2786881]]');
INSERT INTO location (id, name, coordinates) VALUES (38, 'ROBERTO L. PETIT', '[[-25.308863, -57.655246], [-25.304861, -57.652470], [-25.305188, -57.651946], [-25.303396, -57.650822], [-25.313088, -57.633126], [-25.312505, -57.630915], [-25.313576, -57.630647], [-25.313821, -57.631510], [-25.314183, -57.631912], [-25.314276, -57.632543], [-25.313701, -57.632813], [-25.313963, -57.634182], [-25.314973, -57.634713], [-25.314664, -57.635573], [-25.314910, -57.636016], [-25.316017, -57.636505], [-25.316778, -57.637414], [-25.317213, -57.638362], [-25.317842, -57.638744], [-25.318148, -57.638725], [-25.314584, -57.645099], [-25.314201, -57.645412], [-25.314025, -57.646168], [-25.308863, -57.655246]]');
INSERT INTO location (id, name, coordinates) VALUES (39, 'SAJONIA', '[[-25.284629, -57.667394], [-25.285069, -57.667144], [-25.290675, -57.665892], [-25.290862, -57.666860], [-25.299664, -57.664848], [-25.300048, -57.664450], [-25.300333, -57.664767], [-25.300485, -57.665125], [-25.302141, -57.666669], [-25.302537, -57.667744], [-25.302992, -57.668651], [-25.302456, -57.668690], [-25.294341, -57.671105], [-25.292623, -57.670570], [-25.291974, -57.670440], [-25.290635, -57.670538], [-25.290101, -57.670346], [-25.289565, -57.670553], [-25.288994, -57.669982], [-25.284629, -57.667394]]');
INSERT INTO location (id, name, coordinates) VALUES (40, 'SALVADOR DEL MUNDO', '[[-57.5561309, -25.2785819], [-57.5560978, -25.2786332], [-57.5558496, -25.2785103], [-57.5557476, -25.2784715], [-57.5553339, -25.2783222], [-57.5539425, -25.2778361], [-57.5533977, -25.2776601], [-57.5531884, -25.2775947], [-57.5518293, -25.2771636], [-57.5517508, -25.2771388], [-57.5504906, -25.2767985], [-57.5495057, -25.2765068], [-57.5483918, -25.2761999], [-57.5472927, -25.275909], [-57.5451038, -25.2752936], [-57.5450993, -25.2752739], [-57.5452318, -25.2746548], [-57.5452867, -25.2744163], [-57.5453187, -25.2742489], [-57.5453577, -25.2740979], [-57.5455398, -25.2732048], [-57.5457755, -25.2721879], [-57.5459914, -25.2711304], [-57.546081, -25.270574], [-57.5461883, -25.2699531], [-57.5462607, -25.2699118], [-57.5474118, -25.2692542], [-57.5481198, -25.2688496], [-57.5491725, -25.2682709], [-57.5492065, -25.2683277], [-57.5497602, -25.2694946], [-57.5498198, -25.2696314], [-57.5498552, -25.2698228], [-57.5498493, -25.2699596], [-57.5498731, -25.2702671], [-57.5499048, -25.2705704], [-57.5499222, -25.2707074], [-57.5499963, -25.2709005], [-57.5502259, -25.271308], [-57.5505016, -25.2716354], [-57.5505769, -25.2717038], [-57.5506335, -25.2717552], [-57.5508924, -25.2719581], [-57.5510111, -25.272035], [-57.5518045, -25.2724285], [-57.5524326, -25.27274], [-57.5526052, -25.2728292], [-57.5527053, -25.2728833], [-57.5527933, -25.2729646], [-57.5530025, -25.2732524], [-57.5536812, -25.2741557], [-57.5537054, -25.2742557], [-57.5537086, -25.2743553], [-57.5537009, -25.2747192], [-57.5537471, -25.2748499], [-57.5538294, -25.274976], [-57.5539269, -25.2751057], [-57.5540668, -25.275292], [-57.5542642, -25.2755096], [-57.5543825, -25.2756494], [-57.5544483, -25.2757091], [-57.555108, -25.2766297], [-57.5553748, -25.2770364], [-57.5556069, -25.2774161], [-57.55581, -25.2778585], [-57.5560449, -25.2783263], [-57.5561298, -25.2785076], [-57.5561309, -25.2785819]]');
INSERT INTO location (id, name, coordinates) VALUES (41, 'SAN ANTONIO', '[[-25.290637, -57.665892], [-25.288360, -57.666384], [-25.287560, -57.661523], [-25.284193, -57.662240], [-25.284025, -57.661272], [-25.282246, -57.661683], [-25.282375, -57.662630], [-25.279792, -57.663268], [-25.275159, -57.656284], [-25.288554, -57.653034], [-25.290637, -57.665892]]');
INSERT INTO location (id, name, coordinates) VALUES (42, 'SAN BLAS', '[[-57.5432348, -25.2407659], [-57.5431776, -25.2408182], [-57.5430299, -25.2409338], [-57.5426047, -25.2412664], [-57.5425482, -25.2413096], [-57.5417767, -25.2418977], [-57.541542, -25.2420758], [-57.5410069, -25.2424652], [-57.5407838, -25.2425898], [-57.5404296, -25.2427875], [-57.5391651, -25.2434936], [-57.5374637, -25.2444233], [-57.5373857, -25.2444658], [-57.5358415, -25.2453084], [-57.5343825, -25.2461007], [-57.5337519, -25.2464432], [-57.5335111, -25.246574], [-57.5332505, -25.2467155], [-57.5331679, -25.2468338], [-57.5323536, -25.2473842], [-57.531833, -25.2476944], [-57.5308596, -25.2482641], [-57.5307926, -25.248122], [-57.5307205, -25.2479691], [-57.5306578, -25.2476459], [-57.5305701, -25.2474079], [-57.5305505, -25.2473548], [-57.5304523, -25.2471151], [-57.5303359, -25.2469473], [-57.5301643, -25.2468114], [-57.5299052, -25.2467076], [-57.5296815, -25.2466755], [-57.529263, -25.2467241], [-57.5290576, -25.2467076], [-57.528909, -25.246627], [-57.5288017, -25.2465203], [-57.5287171, -25.2463522], [-57.528673, -25.2461364], [-57.5286862, -25.2459406], [-57.5287348, -25.2457248], [-57.528779, -25.2456489], [-57.5287481, -25.245517], [-57.5284568, -25.2453393], [-57.5282636, -25.2452228], [-57.5274161, -25.2444853], [-57.5271908, -25.2443495], [-57.5267938, -25.2443204], [-57.5263555, -25.2443854], [-57.5256673, -25.2445824], [-57.5255939, -25.2445791], [-57.5254527, -25.2445727], [-57.5252934, -25.2444824], [-57.5251432, -25.244298], [-57.5249822, -25.243512], [-57.5249286, -25.2432112], [-57.5249715, -25.2430365], [-57.5250466, -25.2428909], [-57.5250573, -25.2427259], [-57.5250477, -25.2426453], [-57.5270106, -25.2421636], [-57.5279199, -25.2415275], [-57.5292074, -25.2409937], [-57.5303875, -25.2403921], [-57.5314819, -25.2399651], [-57.5335847, -25.2389461], [-57.5343143, -25.2385094], [-57.5360858, -25.2372737], [-57.5366513, -25.2368582], [-57.5378588, -25.2360159], [-57.5380645, -25.2358724], [-57.5389931, -25.2368372], [-57.5398104, -25.2362437], [-57.539877, -25.2362164], [-57.5405826, -25.2376261], [-57.5407865, -25.2379852], [-57.5412532, -25.2387033], [-57.5413935, -25.2388916], [-57.5418012, -25.2393574], [-57.5420801, -25.239668], [-57.5426104, -25.2401639], [-57.5432348, -25.2407659]]');
INSERT INTO location (id, name, coordinates) VALUES (43, 'SAN CAYETANO', '[[-25.325566, -57.659475], [-25.323969, -57.657699], [-25.322997, -57.656895], [-25.321986, -57.656406], [-25.320807, -57.655180], [-25.318663, -57.651488], [-25.318437, -57.650814], [-25.318716, -57.650479], [-25.318640, -57.650200], [-25.318718, -57.649927], [-25.319027, -57.649213], [-25.315349, -57.646649], [-25.314623, -57.646582], [-25.314032, -57.646180], [-25.314323, -57.645256], [-25.314611, -57.645047], [-25.319041, -57.637164], [-25.320706, -57.641105], [-25.320379, -57.641713], [-25.320339, -57.642133], [-25.321080, -57.643084], [-25.324449, -57.641840], [-25.325566, -57.659475]]');
INSERT INTO location (id, name, coordinates) VALUES (44, 'SAN CRISTOBAL', '[[-57.5771315, -25.2953353], [-57.574994, -25.2962535], [-57.5739585, -25.2967106], [-57.5729327, -25.2971494], [-57.5718898, -25.2975945], [-57.5704883, -25.2981628], [-57.5697478, -25.2984409], [-57.568788, -25.2989423], [-57.5676794, -25.2995567], [-57.5665053, -25.3001823], [-57.5653841, -25.3008131], [-57.5641464, -25.3014804], [-57.5630938, -25.3020476], [-57.5629327, -25.3021578], [-57.5628976, -25.302108], [-57.5623889, -25.3012937], [-57.5618358, -25.3004641], [-57.5612927, -25.2996271], [-57.5607568, -25.2988063], [-57.5602012, -25.2979555], [-57.5596634, -25.2971383], [-57.5591299, -25.2962951], [-57.5585768, -25.2954488], [-57.5580276, -25.2945984], [-57.5575566, -25.2938714], [-57.5570478, -25.2930337], [-57.558574, -25.2929449], [-57.5586655, -25.2929396], [-57.5602057, -25.2928614], [-57.5616021, -25.2927966], [-57.5617079, -25.2927935], [-57.562709, -25.2927494], [-57.5629221, -25.2927194], [-57.5636788, -25.2925329], [-57.56476, -25.2922322], [-57.5659791, -25.2918856], [-57.5670471, -25.2915723], [-57.5681672, -25.2912769], [-57.5692755, -25.2909667], [-57.5704106, -25.2906481], [-57.5714663, -25.2903457], [-57.572573, -25.290029], [-57.5737006, -25.2897011], [-57.5737585, -25.2896842], [-57.5744259, -25.2908349], [-57.5752185, -25.2921692], [-57.5756748, -25.2929448], [-57.5761551, -25.2937378], [-57.5766369, -25.2945435], [-57.5771315, -25.2953353]]');
INSERT INTO location (id, name, coordinates) VALUES (45, 'SAN JORGE', '[[-57.5644019, -25.283454], [-57.5643173, -25.2835015], [-57.5641484, -25.2835891], [-57.5638749, -25.2837006], [-57.5623106, -25.2841943], [-57.5608996, -25.2847503], [-57.5606695, -25.2848549], [-57.560471, -25.2849616], [-57.5602081, -25.2851193], [-57.5597689, -25.285407], [-57.5596085, -25.28551], [-57.5582623, -25.2864158], [-57.5568951, -25.2873059], [-57.5556251, -25.2881482], [-57.5547733, -25.2887242], [-57.554259, -25.2891306], [-57.5536877, -25.2896107], [-57.5533471, -25.2899212], [-57.5532559, -25.2900254], [-57.5531244, -25.2901879], [-57.5529736, -25.2903918], [-57.5528401, -25.2905662], [-57.5527516, -25.2906802], [-57.5526229, -25.2908039], [-57.5521104, -25.2913143], [-57.5513885, -25.2920416], [-57.5512684, -25.2921671], [-57.5502441, -25.2932099], [-57.5502285, -25.2932235], [-57.5501385, -25.293087], [-57.5499427, -25.2926117], [-57.5496852, -25.2918963], [-57.5492272, -25.2902097], [-57.5487551, -25.2885194], [-57.5482878, -25.2868109], [-57.5479262, -25.2855104], [-57.5475151, -25.2839774], [-57.5470921, -25.2824491], [-57.5466465, -25.2808797], [-57.5463874, -25.2799359], [-57.5461078, -25.2788935], [-57.5454828, -25.2766258], [-57.5450834, -25.2753439], [-57.5451038, -25.2752936], [-57.5472927, -25.275909], [-57.5483918, -25.2761999], [-57.5495057, -25.2765068], [-57.5504906, -25.2767985], [-57.5517508, -25.2771388], [-57.5518293, -25.2771636], [-57.5531884, -25.2775947], [-57.5533977, -25.2776601], [-57.5539425, -25.2778361], [-57.5553339, -25.2783222], [-57.5557476, -25.2784715], [-57.5558496, -25.2785103], [-57.5560978, -25.2786332], [-57.5562298, -25.2787079], [-57.5563431, -25.2787844], [-57.5570612, -25.2793045], [-57.5572202, -25.2794077], [-57.5574374, -25.279529], [-57.5574926, -25.2795562], [-57.5580436, -25.2798273], [-57.5583011, -25.2799389], [-57.5599898, -25.280717], [-57.5600748, -25.2807551], [-57.5601062, -25.2807805], [-57.5601982, -25.2808463], [-57.5614443, -25.2819404], [-57.5623271, -25.2826843], [-57.5625631, -25.2828468], [-57.5627509, -25.2829584], [-57.5629467, -25.283053], [-57.5631854, -25.2831378], [-57.5634778, -25.2832373], [-57.5638211, -25.283344], [-57.5639198, -25.2833715], [-57.5644019, -25.283454]]');
INSERT INTO location (id, name, coordinates) VALUES (46, 'SAN JUAN', '[[-25.272300, -57.611695], [-25.271976, -57.611515], [-25.271901, -57.611230], [-25.271323, -57.610082], [-25.270561, -57.609300], [-25.270220, -57.608752], [-25.269649, -57.608161], [-25.269230, -57.607591], [-25.268726, -57.607105], [-25.268329, -57.605968], [-25.266971, -57.603849], [-25.266228, -57.603256], [-25.265642, -57.601782], [-25.265187, -57.600844], [-25.264748, -57.600621], [-25.264242, -57.600598], [-25.263878, -57.600649], [-25.263210, -57.600488], [-25.266395, -57.597571], [-25.275434, -57.609756], [-25.274220, -57.609813], [-25.272696, -57.610825], [-25.272475, -57.611181], [-25.272300, -57.611695]]');
INSERT INTO location (id, name, coordinates) VALUES (47, 'SAN PABLO', '[[-57.5942621, -25.3287099], [-57.5936709, -25.3293465], [-57.5929493, -25.3302686], [-57.592014, -25.3315074], [-57.5909202, -25.3330145], [-57.5903105, -25.3338928], [-57.5901978, -25.334048], [-57.5900028, -25.3342488], [-57.5891986, -25.3349277], [-57.5892535, -25.3349595], [-57.5898015, -25.3351363], [-57.5888176, -25.3368821], [-57.5881356, -25.3380501], [-57.5891499, -25.3384116], [-57.5894981, -25.3385207], [-57.5902566, -25.3387837], [-57.5905037, -25.3388732], [-57.5904713, -25.3389246], [-57.5895062, -25.3404551], [-57.5892149, -25.3402746], [-57.5890448, -25.3401941], [-57.5885202, -25.3400135], [-57.5883941, -25.3402702], [-57.588355, -25.3403221], [-57.5883, -25.3403596], [-57.5880926, -25.3404667], [-57.5871729, -25.3409281], [-57.5862096, -25.341417], [-57.5861695, -25.3414396], [-57.5850585, -25.3395593], [-57.5849808, -25.3394491], [-57.584953, -25.3394098], [-57.5847466, -25.3391198], [-57.5844596, -25.338828], [-57.583943, -25.3384707], [-57.5770544, -25.3331142], [-57.5751399, -25.3316124], [-57.5667197, -25.3251666], [-57.5613127, -25.3209506], [-57.5603898, -25.3202326], [-57.5606455, -25.3201562], [-57.5621583, -25.319744], [-57.5639929, -25.3192494], [-57.5650068, -25.3189585], [-57.5685312, -25.3180565], [-57.5720717, -25.3170624], [-57.5740145, -25.3164403], [-57.5741441, -25.3163994], [-57.5741817, -25.3164532], [-57.57485, -25.3172336], [-57.5754636, -25.3179347], [-57.5763898, -25.319026], [-57.5769338, -25.3196684], [-57.5773063, -25.3201176], [-57.5782403, -25.3211719], [-57.5790742, -25.3221248], [-57.5803588, -25.3235898], [-57.580816, -25.3240936], [-57.5812728, -25.3246149], [-57.5821829, -25.325596], [-57.5826811, -25.3261001], [-57.5831449, -25.3266059], [-57.5833837, -25.3269013], [-57.5840613, -25.3276591], [-57.5843291, -25.3279286], [-57.5847328, -25.3283846], [-57.5855404, -25.3292538], [-57.5865519, -25.3303956], [-57.5871872, -25.3296648], [-57.5877554, -25.3290111], [-57.588946, -25.3277167], [-57.5894012, -25.3271765], [-57.5897462, -25.326791], [-57.5904274, -25.3272846], [-57.5909826, -25.3266664], [-57.5918554, -25.3271908], [-57.5919603, -25.3272538], [-57.5927967, -25.3277192], [-57.592824, -25.3277344], [-57.5936364, -25.3282365], [-57.5942464, -25.3286423], [-57.5942621, -25.3287099]]');
INSERT INTO location (id, name, coordinates) VALUES (48, 'SAN ROQUE', '[[-57.6348352, -25.2934303], [-57.6339932, -25.293926], [-57.6330411, -25.2944754], [-57.632872, -25.294573], [-57.6317505, -25.2951855], [-57.6316514, -25.2951827], [-57.6309784, -25.2941462], [-57.6305758, -25.2935725], [-57.6302107, -25.2930144], [-57.6285236, -25.2939732], [-57.627635, -25.2928664], [-57.626785, -25.2917855], [-57.6261032, -25.290827], [-57.6260863, -25.2908721], [-57.6260294, -25.2909787], [-57.6258993, -25.2912323], [-57.6257082, -25.2915815], [-57.6255273, -25.2918845], [-57.625171, -25.2928544], [-57.624936, -25.2934103], [-57.6245078, -25.2944247], [-57.6244264, -25.2946007], [-57.6238707, -25.2958102], [-57.6234036, -25.2950775], [-57.6233347, -25.294975], [-57.6226769, -25.2941266], [-57.62232, -25.293649], [-57.6218741, -25.2930949], [-57.6213417, -25.2923846], [-57.6208948, -25.291815], [-57.6204108, -25.2911899], [-57.6199469, -25.2905952], [-57.6194911, -25.2899806], [-57.6191481, -25.2895455], [-57.6191218, -25.2895085], [-57.6202815, -25.2888473], [-57.6214154, -25.2881978], [-57.6224486, -25.2876068], [-57.6235029, -25.286989], [-57.622678, -25.2858748], [-57.6220928, -25.2850721], [-57.6225874, -25.2849694], [-57.6243542, -25.2845698], [-57.6249115, -25.2844279], [-57.6259052, -25.2841417], [-57.6261594, -25.2840685], [-57.626319, -25.284066], [-57.6263619, -25.2840611], [-57.6265405, -25.284013], [-57.6268742, -25.283935], [-57.6269496, -25.2839285], [-57.6270006, -25.2839333], [-57.6270515, -25.2839479], [-57.6270871, -25.2839799], [-57.6274934, -25.2845597], [-57.6275503, -25.2846991], [-57.6277163, -25.2846079], [-57.6280723, -25.2844206], [-57.6281779, -25.284361], [-57.6284549, -25.2841855], [-57.6287917, -25.2846683], [-57.6292171, -25.2853483], [-57.629602, -25.2858957], [-57.6301149, -25.2865955], [-57.6304533, -25.2871894], [-57.6309732, -25.2879539], [-57.6317154, -25.2889482], [-57.632199, -25.2895813], [-57.6325674, -25.2900862], [-57.6333214, -25.2912091], [-57.6337154, -25.2917943], [-57.6341003, -25.2923547], [-57.6348091, -25.293391], [-57.6348352, -25.2934303]]');
INSERT INTO location (id, name, coordinates) VALUES (49, 'SAN VICENTE', '[[-57.6319823, -25.3064173], [-57.6318973, -25.3073205], [-57.6317706, -25.3084264], [-57.6317063, -25.308825], [-57.6313898, -25.3104581], [-57.6313525, -25.3106616], [-57.6311714, -25.311651], [-57.6311499, -25.3117672], [-57.6311043, -25.3119539], [-57.6309517, -25.3125381], [-57.6306942, -25.31361], [-57.6305671, -25.3141636], [-57.6305184, -25.3143605], [-57.6302056, -25.3155762], [-57.6299685, -25.3164698], [-57.6297379, -25.3173542], [-57.629662, -25.3176754], [-57.629485, -25.318376], [-57.6289492, -25.3204245], [-57.6285919, -25.3218227], [-57.6284433, -25.3224502], [-57.6279397, -25.3243616], [-57.6275542, -25.3258528], [-57.6273305, -25.32675], [-57.6272322, -25.327072], [-57.627003, -25.3279977], [-57.6269694, -25.3281164], [-57.6262955, -25.3306337], [-57.6260299, -25.3316414], [-57.6258941, -25.3315738], [-57.6258077, -25.3314928], [-57.6255791, -25.3311306], [-57.6253538, -25.3307451], [-57.6252709, -25.3306751], [-57.6251913, -25.3306311], [-57.6250941, -25.3305672], [-57.6249969, -25.3305113], [-57.6249748, -25.3304235], [-57.6249572, -25.3303157], [-57.6248379, -25.3301839], [-57.6247805, -25.3300202], [-57.6247716, -25.3298764], [-57.6247186, -25.3297566], [-57.6246126, -25.3295609], [-57.6244378, -25.3293918], [-57.6239282, -25.3289652], [-57.623542, -25.3285239], [-57.6234347, -25.328393], [-57.6233648, -25.3282554], [-57.623294, -25.3281087], [-57.6231993, -25.3280437], [-57.623098, -25.3280117], [-57.6229779, -25.3280147], [-57.6228676, -25.3280271], [-57.6227663, -25.3279995], [-57.6227074, -25.3279614], [-57.6226213, -25.327959], [-57.6225531, -25.3280062], [-57.6224629, -25.3280319], [-57.6223814, -25.3280086], [-57.6222755, -25.3279523], [-57.6221679, -25.3279042], [-57.6220257, -25.3278491], [-57.6218916, -25.3278401], [-57.6216144, -25.3278275], [-57.6214791, -25.3277975], [-57.6213876, -25.327709], [-57.621303, -25.3275489], [-57.6212203, -25.3274322], [-57.6211597, -25.3273418], [-57.6210937, -25.3271081], [-57.6210741, -25.3269829], [-57.6211072, -25.3268476], [-57.6211854, -25.3267461], [-57.6212946, -25.3266234], [-57.6213705, -25.3265085], [-57.621418, -25.3263543], [-57.6213965, -25.3262452], [-57.6213241, -25.3260609], [-57.6212678, -25.3260003], [-57.6211452, -25.3259436], [-57.621054, -25.3259266], [-57.620877, -25.3258975], [-57.6207662, -25.32585], [-57.6206838, -25.3257836], [-57.62048, -25.325546], [-57.6200101, -25.3250488], [-57.6201045, -25.324969], [-57.6202162, -25.3248752], [-57.6216204, -25.3235236], [-57.6212157, -25.3228981], [-57.6205559, -25.3218461], [-57.6198041, -25.3205234], [-57.6195737, -25.3201868], [-57.619425, -25.3199696], [-57.6192681, -25.3197404], [-57.6197285, -25.3192398], [-57.6193825, -25.3188926], [-57.6188805, -25.3183652], [-57.6183799, -25.3178682], [-57.6182077, -25.317698], [-57.6181264, -25.3175867], [-57.6180634, -25.3174778], [-57.6175578, -25.3164718], [-57.6168632, -25.3151754], [-57.616347, -25.3141842], [-57.615997, -25.3137262], [-57.6157969, -25.3134939], [-57.6157119, -25.3133957], [-57.6154093, -25.3131377], [-57.6146245, -25.3125214], [-57.6134925, -25.3136701], [-57.6122615, -25.3148774], [-57.6122133, -25.3149095], [-57.6118123, -25.3140054], [-57.6114297, -25.3132093], [-57.6114052, -25.3131675], [-57.6122536, -25.3122753], [-57.6131332, -25.3112947], [-57.6137121, -25.3105986], [-57.6140616, -25.3101968], [-57.6143309, -25.3098972], [-57.6144506, -25.3097839], [-57.6147027, -25.3095172], [-57.6149119, -25.3093474], [-57.6149986, -25.3092748], [-57.6151318, -25.3091632], [-57.615443, -25.3089498], [-57.6161189, -25.308523], [-57.6165803, -25.308249], [-57.6181535, -25.3073147], [-57.618426, -25.3071261], [-57.6187441, -25.3068736], [-57.6188653, -25.3067572], [-57.6189272, -25.3066373], [-57.6199259, -25.3041876], [-57.6199762, -25.3042358], [-57.6207266, -25.3051004], [-57.6214985, -25.3060897], [-57.6221551, -25.3069103], [-57.6225825, -25.3074511], [-57.6235387, -25.3086187], [-57.6247328, -25.3077683], [-57.6256634, -25.3072056], [-57.6257464, -25.307159], [-57.6260491, -25.3070162], [-57.6264171, -25.3067832], [-57.6269906, -25.3064655], [-57.6270737, -25.3064298], [-57.6271509, -25.3064056], [-57.6279728, -25.306205], [-57.6287876, -25.3062235], [-57.6300115, -25.3062852], [-57.6308834, -25.3063488], [-57.6319304, -25.3064147], [-57.6319823, -25.3064173]]');
INSERT INTO location (id, name, coordinates) VALUES (50, 'SANTA ANA', '[[-57.6708859, -25.3130345], [-57.6708065, -25.3131126], [-57.6708696, -25.3134763], [-57.6707955, -25.3137811], [-57.6707518, -25.3141014], [-57.6707065, -25.3142667], [-57.6706397, -25.3145245], [-57.6706142, -25.3145771], [-57.6704533, -25.3150606], [-57.6703803, -25.3154453], [-57.6702371, -25.3159024], [-57.6700711, -25.3165454], [-57.6699757, -25.3169158], [-57.6698948, -25.3172294], [-57.6697366, -25.3176668], [-57.669577, -25.3179863], [-57.6693386, -25.3184994], [-57.6688253, -25.3191796], [-57.6685373, -25.3195132], [-57.6681376, -25.3198696], [-57.667879, -25.3201887], [-57.6676218, -25.3206391], [-57.6674294, -25.320976], [-57.6672073, -25.3215539], [-57.6670931, -25.3214873], [-57.6669536, -25.3214291], [-57.6667713, -25.3214], [-57.6666371, -25.3213515], [-57.6665191, -25.3213321], [-57.6664172, -25.3213369], [-57.6662777, -25.3213806], [-57.6661007, -25.3214485], [-57.6659237, -25.3215357], [-57.6657896, -25.3215988], [-57.6655106, -25.3216473], [-57.6652731, -25.3216644], [-57.6652191, -25.3216451], [-57.6651279, -25.3216354], [-57.6650206, -25.3216645], [-57.6648918, -25.3216936], [-57.6647416, -25.3216984], [-57.6645968, -25.321713], [-57.6644198, -25.3217372], [-57.6642856, -25.3217421], [-57.6641462, -25.3217663], [-57.6640389, -25.3217712], [-57.6638297, -25.3217663], [-57.6635722, -25.3217178], [-57.6635024, -25.321713], [-57.6634488, -25.3217178], [-57.6633361, -25.3217324], [-57.6632342, -25.3217178], [-57.6631806, -25.321679], [-57.6630947, -25.3216451], [-57.662966, -25.3216451], [-57.6628051, -25.321679], [-57.6625959, -25.3216936], [-57.6625208, -25.321679], [-57.6624564, -25.3216499], [-57.6623706, -25.3215772], [-57.662333, -25.3215627], [-57.6622901, -25.3215724], [-57.6622633, -25.3216305], [-57.6622257, -25.3216936], [-57.6621721, -25.3217178], [-57.6621023, -25.3217178], [-57.6618768, -25.3216305], [-57.6618092, -25.321623], [-57.6617322, -25.3216548], [-57.6616249, -25.3216887], [-57.6615498, -25.3216887], [-57.6614962, -25.3216499], [-57.6614157, -25.3216063], [-57.661303, -25.3215869], [-57.6612279, -25.3215724], [-57.6612065, -25.321519], [-57.6612279, -25.3212717], [-57.6612387, -25.3210632], [-57.6612298, -25.3209248], [-57.6612137, -25.3208084], [-57.6612244, -25.3207066], [-57.6612494, -25.3206123], [-57.6612548, -25.3205492], [-57.6612084, -25.3204981], [-57.6611153, -25.3204862], [-57.6610187, -25.3204037], [-57.6608865, -25.3202459], [-57.6607612, -25.3200692], [-57.6606271, -25.3198897], [-57.6605807, -25.3198434], [-57.6604447, -25.3197249], [-57.6603053, -25.319657], [-57.6601872, -25.3195745], [-57.6601194, -25.3195234], [-57.660055, -25.319441], [-57.6599209, -25.3193391], [-57.6598332, -25.3192788], [-57.6597098, -25.3192594], [-57.6596025, -25.3192206], [-57.6594845, -25.3192012], [-57.6593362, -25.31915], [-57.6592235, -25.319087], [-57.6590339, -25.3189636], [-57.658932, -25.3188375], [-57.6588641, -25.3188057], [-57.6587227, -25.3187841], [-57.6586316, -25.3187647], [-57.6585135, -25.3186823], [-57.6584564, -25.3186118], [-57.6584384, -25.3185223], [-57.6584277, -25.3184641], [-57.6583955, -25.3184108], [-57.6583204, -25.3183477], [-57.658215, -25.3182723], [-57.6581024, -25.3182044], [-57.6559027, -25.3191171], [-57.6548143, -25.3200316], [-57.6546513, -25.319977], [-57.6545226, -25.3199139], [-57.6543944, -25.3198376], [-57.6542865, -25.3197636], [-57.6541798, -25.3196727], [-57.6540988, -25.3195988], [-57.6539276, -25.3195466], [-57.6537882, -25.3194739], [-57.6536911, -25.3194193], [-57.6535141, -25.3193709], [-57.6531171, -25.3192448], [-57.6530098, -25.3191817], [-57.6529293, -25.319172], [-57.6528596, -25.319206], [-57.6527148, -25.3191963], [-57.6525592, -25.3191478], [-57.6524841, -25.3191041], [-57.6523929, -25.3191041], [-57.6522802, -25.3191041], [-57.652189, -25.3190799], [-57.6520818, -25.3190169], [-57.6519745, -25.3189538], [-57.6518779, -25.318915], [-57.6517223, -25.3189005], [-57.6515292, -25.3188714], [-57.6509928, -25.3187405], [-57.6507031, -25.3186823], [-57.650312, -25.3186592], [-57.6500701, -25.318692], [-57.6497375, -25.3188181], [-57.6492332, -25.3190217], [-57.6491474, -25.3190314], [-57.6490509, -25.3189975], [-57.6489918, -25.3189296], [-57.6481979, -25.3177173], [-57.6476744, -25.3169367], [-57.6475133, -25.3166866], [-57.6473879, -25.3164614], [-57.6470773, -25.3160601], [-57.6469026, -25.3158487], [-57.6466208, -25.3153557], [-57.6465564, -25.3151521], [-57.6465516, -25.315066], [-57.6465993, -25.3149823], [-57.6466637, -25.3149144], [-57.646691, -25.3148332], [-57.6466637, -25.3147399], [-57.6465783, -25.3146006], [-57.6465206, -25.3145229], [-57.6461907, -25.3140358], [-57.6462003, -25.3140068], [-57.6469068, -25.3135922], [-57.6476981, -25.3131355], [-57.6491277, -25.3123325], [-57.6491593, -25.3123162], [-57.6492292, -25.3122801], [-57.6492591, -25.3122646], [-57.6548125, -25.308998], [-57.6552846, -25.3093326], [-57.6561429, -25.3099097], [-57.6575699, -25.3109523], [-57.6583477, -25.3114906], [-57.6587554, -25.3118058], [-57.6588573, -25.311898], [-57.6589807, -25.3119416], [-57.6590826, -25.3119513], [-57.6595171, -25.3118689], [-57.6599141, -25.3117816], [-57.6608743, -25.3115294], [-57.6609693, -25.3115301], [-57.6611265, -25.3115585], [-57.6613732, -25.3115925], [-57.661561, -25.3115828], [-57.6618077, -25.3116022], [-57.6619204, -25.3116506], [-57.6621779, -25.3117767], [-57.6624408, -25.3119853], [-57.6626714, -25.312218], [-57.6628163, -25.312349], [-57.6629289, -25.3124217], [-57.6630791, -25.3125138], [-57.6633205, -25.312669], [-57.6634493, -25.3127418], [-57.6636209, -25.3127709], [-57.664093, -25.3129406], [-57.6642252, -25.3129818], [-57.6645204, -25.3130245], [-57.6648933, -25.3129436], [-57.6662367, -25.3125958], [-57.6674351, -25.3123005], [-57.6678186, -25.3122272], [-57.6678253, -25.3122259], [-57.6679591, -25.3122004], [-57.6688107, -25.3120376], [-57.6690447, -25.3120231], [-57.6692861, -25.3120183], [-57.6696724, -25.3120086], [-57.6699513, -25.3119601], [-57.6702561, -25.3118893], [-57.6702822, -25.3119305], [-57.6706011, -25.3124657], [-57.6708859, -25.3130345]]');
INSERT INTO location (id, name, coordinates) VALUES (51, 'SANTA LIBRADA', '[[-25.324124, -57.640927], [-25.322905, -57.637860], [-25.323382, -57.633573], [-25.324921, -57.633444], [-25.326818, -57.634600], [-25.327409, -57.630576], [-25.326725, -57.627281], [-25.331567, -57.625896], [-25.333301, -57.627209], [-25.337233, -57.632856], [-25.337558, -57.632989], [-25.338013, -57.633791], [-25.338325, -57.632383], [-25.339720, -57.632559], [-25.339640, -57.633294], [-25.341111, -57.633449], [-25.341167, -57.633870], [-25.342600, -57.633983], [-25.343059, -57.638318], [-25.339769, -57.638827], [-25.338184, -57.638461], [-25.337763, -57.638543], [-25.337816, -57.639658], [-25.336747, -57.639274], [-25.336424, -57.638893], [-25.335450, -57.638552], [-25.334609, -57.638526], [-25.333120, -57.638161], [-25.332509, -57.637968], [-25.330232, -57.638482], [-25.329769, -57.639574], [-25.329044, -57.639254], [-25.328890, -57.639506], [-25.327859, -57.639206], [-25.325503, -57.640392], [-25.324124, -57.640927]]');
INSERT INTO location (id, name, coordinates) VALUES (52, 'SANTA MARIA', '[[-57.5535568, -25.3093617], [-57.5534635, -25.3093593], [-57.5524659, -25.3093241], [-57.5522204, -25.3089707], [-57.5516452, -25.3082124], [-57.5516085, -25.3081663], [-57.5515712, -25.3081193], [-57.5504421, -25.3064182], [-57.5496016, -25.3051845], [-57.5488547, -25.3041129], [-57.548704, -25.3038963], [-57.5482741, -25.3032499], [-57.547729, -25.3024309], [-57.5467407, -25.3009283], [-57.5460377, -25.2998945], [-57.5458502, -25.2996188], [-57.5452285, -25.2987037], [-57.5455058, -25.2984276], [-57.5458713, -25.2979965], [-57.5465692, -25.2972049], [-57.5477034, -25.2959383], [-57.5486926, -25.2948554], [-57.549175, -25.294308], [-57.549353, -25.2941333], [-57.5497352, -25.293762], [-57.5498936, -25.2935853], [-57.5499992, -25.2934676], [-57.5502285, -25.2932235], [-57.550837, -25.2952739], [-57.55094, -25.2957085], [-57.5509756, -25.2959939], [-57.5510008, -25.2962201], [-57.5510258, -25.2965], [-57.551146, -25.2970898], [-57.5520472, -25.3005119], [-57.5521588, -25.3010318], [-57.5524797, -25.3027892], [-57.5525009, -25.302931], [-57.5525155, -25.3030284], [-57.5527558, -25.3045224], [-57.5528057, -25.3048925], [-57.5528636, -25.3053537], [-57.5529387, -25.3058481], [-57.5531851, -25.3073159], [-57.5532249, -25.3075047], [-57.5532543, -25.3076671], [-57.553417, -25.3086631], [-57.5535124, -25.3091873], [-57.5535568, -25.3093617]]');
INSERT INTO location (id, name, coordinates) VALUES (53, 'SANTA ROSA', '[[-57.5911098, -25.2501109], [-57.5909784, -25.2502591], [-57.5907536, -25.2505127], [-57.5903942, -25.250959], [-57.5898792, -25.2515898], [-57.5895412, -25.2519828], [-57.5892137, -25.2523518], [-57.5888559, -25.2527651], [-57.5888026, -25.252833], [-57.5887366, -25.2529143], [-57.5886655, -25.2529878], [-57.5877916, -25.2539533], [-57.5871809, -25.2545736], [-57.5863881, -25.2553999], [-57.5856528, -25.2561662], [-57.5849307, -25.256939], [-57.5848951, -25.2569735], [-57.5838706, -25.2562108], [-57.5838158, -25.2561663], [-57.581987, -25.2547867], [-57.5818197, -25.254663], [-57.5810605, -25.254091], [-57.5809251, -25.253989], [-57.5801449, -25.2534226], [-57.5800017, -25.2533164], [-57.5792185, -25.2527367], [-57.5791137, -25.2526574], [-57.5782649, -25.2520147], [-57.578329, -25.2519744], [-57.5793198, -25.2514159], [-57.5800024, -25.2509646], [-57.5803171, -25.2508434], [-57.5809602, -25.2504947], [-57.5812009, -25.2503642], [-57.5813896, -25.2502619], [-57.5815042, -25.2501986], [-57.5817954, -25.2500377], [-57.5821016, -25.2498686], [-57.5824253, -25.2496898], [-57.5826119, -25.2495761], [-57.5828935, -25.2494097], [-57.5832074, -25.2492242], [-57.5834487, -25.2490816], [-57.5835163, -25.2490447], [-57.5843532, -25.2485886], [-57.5845216, -25.2484968], [-57.5849046, -25.2482665], [-57.5850641, -25.2475359], [-57.5853649, -25.2475877], [-57.5854937, -25.2475683], [-57.5856653, -25.2475198], [-57.5861409, -25.247333], [-57.5863276, -25.2472757], [-57.5865451, -25.247219], [-57.5867119, -25.247432], [-57.5867334, -25.2475484], [-57.5866894, -25.2476964], [-57.5867732, -25.2476986], [-57.5868644, -25.2477228], [-57.5869792, -25.2477578], [-57.5871026, -25.2478305], [-57.587167, -25.2478742], [-57.5872367, -25.2479033], [-57.5873279, -25.2479276], [-57.5877494, -25.248223], [-57.5878622, -25.2483293], [-57.5879534, -25.2484069], [-57.5880467, -25.248505], [-57.5881411, -25.2486253], [-57.588272, -25.2487912], [-57.5883418, -25.2488834], [-57.5884383, -25.2489659], [-57.5885885, -25.2490726], [-57.588728, -25.2491357], [-57.588846, -25.2490241], [-57.5890713, -25.2488543], [-57.589552, -25.2485234], [-57.5909543, -25.2495819], [-57.5911098, -25.2501109]]');
INSERT INTO location (id, name, coordinates) VALUES (54, 'SANTISIMA TRINIDAD', '[[-57.5848951, -25.2569735], [-57.5848599, -25.2570129], [-57.5839742, -25.2579099], [-57.5832625, -25.2586312], [-57.5823075, -25.259616], [-57.581094, -25.2608086], [-57.5810632, -25.2608399], [-57.5809935, -25.2609194], [-57.5807519, -25.2611443], [-57.5806521, -25.261239], [-57.580592, -25.2612971], [-57.579195, -25.2627022], [-57.5783042, -25.2619597], [-57.5779692, -25.2616859], [-57.5774774, -25.2612779], [-57.5770079, -25.2608681], [-57.5769229, -25.2608095], [-57.5768464, -25.2607653], [-57.5757063, -25.2601068], [-57.5754179, -25.2599403], [-57.5750773, -25.259771], [-57.5748404, -25.2596786], [-57.5747764, -25.2596536], [-57.5737476, -25.2593069], [-57.5732757, -25.2591652], [-57.5725578, -25.2589496], [-57.5722303, -25.2588378], [-57.5715856, -25.258622], [-57.5698274, -25.2579564], [-57.5694429, -25.2578166], [-57.5686482, -25.257534], [-57.5685472, -25.257524], [-57.5701458, -25.2566362], [-57.571235, -25.2559987], [-57.5734318, -25.2547763], [-57.5742996, -25.2542721], [-57.5761285, -25.2532407], [-57.5782649, -25.2520147], [-57.5791137, -25.2526574], [-57.5792185, -25.2527367], [-57.5800017, -25.2533164], [-57.5801449, -25.2534226], [-57.5809251, -25.253989], [-57.5810605, -25.254091], [-57.5818197, -25.254663], [-57.581987, -25.2547867], [-57.5838158, -25.2561663], [-57.5838706, -25.2562108], [-57.5848951, -25.2569735]]');
INSERT INTO location (id, name, coordinates) VALUES (55, 'SANTO DOMINGO', '[[-57.5887516, -25.2865246], [-57.5886974, -25.2865198], [-57.5879521, -25.2864493], [-57.5867223, -25.2863261], [-57.5855814, -25.2861966], [-57.5853887, -25.2861687], [-57.5844066, -25.2860633], [-57.5840037, -25.286004], [-57.5837491, -25.285942], [-57.5836488, -25.2859141], [-57.5834835, -25.2858516], [-57.5826122, -25.2854472], [-57.5823304, -25.2853108], [-57.5822817, -25.2852848], [-57.5821555, -25.285248], [-57.5820237, -25.2852274], [-57.581459, -25.2851766], [-57.5810089, -25.2851413], [-57.5807687, -25.2851151], [-57.5803486, -25.2850781], [-57.5802985, -25.2850729], [-57.5804992, -25.284035], [-57.5805207, -25.2839137], [-57.5805207, -25.2838119], [-57.5805046, -25.28371], [-57.5801205, -25.2825022], [-57.5796553, -25.2808775], [-57.5794137, -25.2800666], [-57.5790133, -25.2788109], [-57.578965, -25.2786459], [-57.5789114, -25.2785392], [-57.5782148, -25.2776085], [-57.5781653, -25.2773948], [-57.5770735, -25.2756627], [-57.5770091, -25.2756287], [-57.576948, -25.2756239], [-57.5767412, -25.2756923], [-57.5764764, -25.2746745], [-57.5770279, -25.2745329], [-57.5822706, -25.2732318], [-57.5833847, -25.2729554], [-57.5845266, -25.272672], [-57.5845727, -25.2726605], [-57.5846997, -25.273095], [-57.5847988, -25.2734305], [-57.5849628, -25.2739744], [-57.5850428, -25.274248], [-57.5852806, -25.2750765], [-57.5857884, -25.2767601], [-57.5862484, -25.2783286], [-57.5867432, -25.2800002], [-57.587341, -25.2819663], [-57.5874699, -25.2823889], [-57.5879386, -25.283919], [-57.5881865, -25.2846938], [-57.5887516, -25.2865246]]');
INSERT INTO location (id, name, coordinates) VALUES (56, 'SILVIO PETTIROSSI', '[[-25.290795, -57.626176], [-25.295755, -57.623910], [-25.299511, -57.621637], [-25.301388, -57.620742], [-25.304201, -57.619958], [-25.308602, -57.623471], [-25.306408, -57.627097], [-25.306193, -57.628063], [-25.306406, -57.631933], [-25.303767, -57.632151], [-25.301950, -57.632478], [-25.298015, -57.631953], [-25.295244, -57.631686], [-25.292995, -57.630203], [-25.293882, -57.628526], [-25.290795, -57.626176]]');
INSERT INTO location (id, name, coordinates) VALUES (57, 'TABLADA NUEVA', '[[-57.6090738, -25.2514487], [-57.6007595, -25.2628488], [-57.6005037, -25.2630089], [-57.5999113, -25.2633796], [-57.5993481, -25.2640793], [-57.5973475, -25.2661872], [-57.5973209, -25.2662151], [-57.5963889, -25.2655244], [-57.595593, -25.2649244], [-57.5948212, -25.2643358], [-57.5939176, -25.2636641], [-57.5938878, -25.263644], [-57.5936796, -25.2634916], [-57.5922074, -25.2624255], [-57.5925211, -25.262187], [-57.5928735, -25.261926], [-57.5929294, -25.261846], [-57.5929562, -25.2617541], [-57.5929446, -25.2616344], [-57.5929688, -25.261316], [-57.5930217, -25.2611775], [-57.5931115, -25.2610596], [-57.593208, -25.2609433], [-57.5935411, -25.2607755], [-57.5938993, -25.2606014], [-57.5939838, -25.2605128], [-57.5939849, -25.260417], [-57.5939284, -25.2603383], [-57.5937357, -25.2602227], [-57.5932204, -25.2599263], [-57.5931555, -25.2598331], [-57.5931668, -25.2597356], [-57.5932604, -25.2595925], [-57.5933702, -25.2594511], [-57.593573, -25.2593349], [-57.5936609, -25.2591454], [-57.5936976, -25.2588337], [-57.5937117, -25.2584602], [-57.5937242, -25.2583001], [-57.5938188, -25.2581169], [-57.5942374, -25.2577296], [-57.5944964, -25.2575379], [-57.5946852, -25.2574418], [-57.5948952, -25.2573567], [-57.5950655, -25.2572827], [-57.5955051, -25.2569705], [-57.595768, -25.2568303], [-57.5960215, -25.2567721], [-57.5964269, -25.2567346], [-57.5966149, -25.2567116], [-57.5968071, -25.2566467], [-57.5970194, -25.2564743], [-57.5971342, -25.2563589], [-57.597208, -25.2561922], [-57.5972354, -25.2559777], [-57.5972428, -25.2551857], [-57.597267, -25.2549633], [-57.5973214, -25.2546348], [-57.5974319, -25.2543563], [-57.597569, -25.2541477], [-57.5976371, -25.2539636], [-57.597661, -25.253695], [-57.5976916, -25.253387], [-57.5977124, -25.2531165], [-57.5977326, -25.2529404], [-57.5977653, -25.2527463], [-57.597844, -25.2525843], [-57.5980918, -25.2523439], [-57.5982603, -25.2521615], [-57.5984121, -25.252031], [-57.5986073, -25.2516913], [-57.5986078, -25.2514307], [-57.5984833, -25.251242], [-57.5982511, -25.2508563], [-57.5981459, -25.2506981], [-57.5978831, -25.2504327], [-57.5974958, -25.2500771], [-57.5973917, -25.2497486], [-57.5974153, -25.2493808], [-57.5975151, -25.2489548], [-57.5976454, -25.2486026], [-57.5978831, -25.2483857], [-57.5981786, -25.2482853], [-57.5986936, -25.2482178], [-57.5991083, -25.2481838], [-57.5995235, -25.2480451], [-57.5997783, -25.24777], [-57.600083, -25.2472857], [-57.6004226, -25.2465817], [-57.6018004, -25.2475703], [-57.6028432, -25.2482802], [-57.6045217, -25.2492559], [-57.605485, -25.2498214], [-57.6061325, -25.2502226], [-57.6071517, -25.2506622], [-57.6083324, -25.2510484], [-57.6087244, -25.2512209], [-57.6089304, -25.2512995], [-57.6090738, -25.2514487]]');
INSERT INTO location (id, name, coordinates) VALUES (58, 'TACUMBU', '[[-57.6702561, -25.3118893], [-57.6699513, -25.3119601], [-57.6696724, -25.3120086], [-57.6692861, -25.3120183], [-57.6690447, -25.3120231], [-57.6688107, -25.3120376], [-57.6679591, -25.3122004], [-57.6678253, -25.3122259], [-57.6678186, -25.3122272], [-57.6674351, -25.3123005], [-57.6662367, -25.3125958], [-57.6648933, -25.3129436], [-57.6645204, -25.3130245], [-57.6642252, -25.3129818], [-57.664093, -25.3129406], [-57.6636209, -25.3127709], [-57.6634493, -25.3127418], [-57.6633205, -25.312669], [-57.6630791, -25.3125138], [-57.6629289, -25.3124217], [-57.6628163, -25.312349], [-57.6626714, -25.312218], [-57.6624408, -25.3119853], [-57.6621779, -25.3117767], [-57.6619204, -25.3116506], [-57.6618077, -25.3116022], [-57.661561, -25.3115828], [-57.6613732, -25.3115925], [-57.6611265, -25.3115585], [-57.6609693, -25.3115301], [-57.6608743, -25.3115294], [-57.6599141, -25.3117816], [-57.6595171, -25.3118689], [-57.6590826, -25.3119513], [-57.6589807, -25.3119416], [-57.6588573, -25.311898], [-57.6587554, -25.3118058], [-57.6583477, -25.3114906], [-57.6575699, -25.3109523], [-57.6561429, -25.3099097], [-57.6552846, -25.3093326], [-57.6548125, -25.308998], [-57.6547214, -25.3089141], [-57.6546801, -25.3088239], [-57.654627, -25.3086729], [-57.6545948, -25.3085475], [-57.6547829, -25.3083385], [-57.654067, -25.3072561], [-57.6533826, -25.3062552], [-57.6527497, -25.3053295], [-57.6525416, -25.3050354], [-57.6525073, -25.3049824], [-57.6520417, -25.3052301], [-57.6516668, -25.3046774], [-57.6512918, -25.3041235], [-57.650915, -25.3035676], [-57.6507273, -25.3032906], [-57.6502693, -25.3026137], [-57.6499031, -25.3020725], [-57.6495371, -25.3015315], [-57.649481, -25.3014486], [-57.6491212, -25.3009169], [-57.6487339, -25.3003444], [-57.6485972, -25.3001531], [-57.6485161, -25.3000307], [-57.6483439, -25.299768], [-57.6479577, -25.2991972], [-57.6475804, -25.2986395], [-57.6471764, -25.2980424], [-57.6467806, -25.2974578], [-57.6464183, -25.296922], [-57.6460907, -25.2964377], [-57.6455613, -25.2956551], [-57.6449742, -25.2947875], [-57.6445047, -25.2940935], [-57.6440188, -25.2933754], [-57.6434746, -25.2926092], [-57.6429714, -25.2918486], [-57.6426658, -25.2913571], [-57.6424704, -25.2910281], [-57.641934, -25.290308], [-57.6414611, -25.289594], [-57.6414384, -25.2895584], [-57.6423342, -25.2890293], [-57.6430977, -25.2886309], [-57.6440924, -25.2880498], [-57.6448583, -25.2876267], [-57.6455088, -25.2872682], [-57.6470104, -25.2864435], [-57.6470508, -25.2864993], [-57.647596, -25.2872549], [-57.6477533, -25.2874921], [-57.6478905, -25.2876815], [-57.6479208, -25.2877272], [-57.6479506, -25.2877692], [-57.648422, -25.2884333], [-57.6485302, -25.2885857], [-57.6490391, -25.2893026], [-57.6495902, -25.290079], [-57.6497032, -25.2902382], [-57.6501187, -25.2908234], [-57.6501925, -25.2909274], [-57.6506547, -25.2915808], [-57.6507069, -25.291652], [-57.6511919, -25.2923353], [-57.6514618, -25.2927155], [-57.6518057, -25.2932], [-57.6520636, -25.2935632], [-57.6520984, -25.2936123], [-57.6522823, -25.2938713], [-57.6526505, -25.29439], [-57.6531757, -25.2951298], [-57.6536294, -25.295769], [-57.6540818, -25.2964063], [-57.6541162, -25.2964547], [-57.6545355, -25.2970453], [-57.6545856, -25.2971159], [-57.6549843, -25.2976775], [-57.6552644, -25.2980722], [-57.6556692, -25.2986423], [-57.6557725, -25.2986682], [-57.6559387, -25.2987069], [-57.6560146, -25.2987299], [-57.6561364, -25.298775], [-57.6566573, -25.2989966], [-57.6567442, -25.2990548], [-57.6568139, -25.2991324], [-57.6570223, -25.2992064], [-57.6575534, -25.2994246], [-57.6577734, -25.2995313], [-57.6580746, -25.2996902], [-57.6590724, -25.3003401], [-57.6591189, -25.3005185], [-57.6592915, -25.3003871], [-57.6602887, -25.2995738], [-57.6612822, -25.2988325], [-57.66136, -25.298718], [-57.6614348, -25.2987517], [-57.6615785, -25.2988761], [-57.661652, -25.2989229], [-57.662187, -25.2992175], [-57.6623209, -25.2993058], [-57.6624729, -25.2993861], [-57.6626231, -25.2994443], [-57.6627691, -25.29952], [-57.6631266, -25.2997402], [-57.663224, -25.2997111], [-57.6633455, -25.2997051], [-57.6634481, -25.2997634], [-57.6635674, -25.2998716], [-57.6637014, -25.2999416], [-57.6638564, -25.2999803], [-57.6640473, -25.3000311], [-57.6642279, -25.3000878], [-57.6644622, -25.3001637], [-57.6648393, -25.3003305], [-57.6652323, -25.3005988], [-57.665529, -25.3009904], [-57.6666599, -25.3021215], [-57.6669302, -25.3022946], [-57.6671885, -25.302401], [-57.6677408, -25.3026156], [-57.6683078, -25.3028947], [-57.6685626, -25.3028984], [-57.6688384, -25.3027873], [-57.6690004, -25.302653], [-57.6690135, -25.3025174], [-57.6689022, -25.302376], [-57.6687911, -25.3022407], [-57.6687743, -25.3021185], [-57.6688432, -25.3020094], [-57.6690529, -25.3019551], [-57.669738, -25.3019587], [-57.6700201, -25.3021297], [-57.6701272, -25.303677], [-57.6700596, -25.3042643], [-57.669926, -25.3043853], [-57.6697798, -25.3047493], [-57.6695339, -25.3050298], [-57.6690307, -25.3054645], [-57.6689609, -25.3058338], [-57.6690267, -25.3061245], [-57.6692058, -25.3063773], [-57.6692487, -25.3066064], [-57.6693421, -25.3068692], [-57.6693383, -25.3076471], [-57.6693055, -25.3078707], [-57.6693567, -25.3082338], [-57.6693679, -25.3086094], [-57.6694249, -25.3088459], [-57.6694438, -25.3091946], [-57.6695789, -25.3098174], [-57.6696878, -25.3101844], [-57.6698055, -25.3106698], [-57.6698385, -25.3109257], [-57.6698452, -25.3109607], [-57.6698942, -25.3112168], [-57.6700847, -25.3115991], [-57.6702561, -25.3118893]]');
INSERT INTO location (id, name, coordinates) VALUES (59, 'TEMBETARY', '[[-57.596337, -25.3086341], [-57.5951446, -25.3090825], [-57.5923533, -25.3100677], [-57.5871619, -25.3118738], [-57.5871244, -25.3118219], [-57.5870868, -25.3117572], [-57.5863169, -25.3104843], [-57.5855494, -25.3092168], [-57.5847053, -25.3078231], [-57.584562, -25.3075873], [-57.5846151, -25.3075602], [-57.5850409, -25.3073455], [-57.5855917, -25.3070782], [-57.5864679, -25.3066237], [-57.587344, -25.3061888], [-57.5883451, -25.3057349], [-57.5892193, -25.3052971], [-57.5904499, -25.3046808], [-57.5924707, -25.3036837], [-57.5935565, -25.3031766], [-57.5936847, -25.3031514], [-57.5946925, -25.3030394], [-57.594731, -25.3030351], [-57.5947492, -25.3030927], [-57.5950798, -25.3042078], [-57.5952704, -25.3048857], [-57.5955065, -25.305712], [-57.5957048, -25.3064032], [-57.5959676, -25.3073141], [-57.5963225, -25.3085866], [-57.596337, -25.3086341]]');
INSERT INTO location (id, name, coordinates) VALUES (60, 'TERMINAL', '[[-57.5989762, -25.3280176], [-57.5989117, -25.3280652], [-57.5982338, -25.3285647], [-57.597512, -25.3290966], [-57.596855, -25.3284386], [-57.5962329, -25.3290613], [-57.596317, -25.3291539], [-57.5955889, -25.3298853], [-57.5961841, -25.3303473], [-57.5957184, -25.3308977], [-57.5955089, -25.3311343], [-57.5954003, -25.3312739], [-57.5952129, -25.3315793], [-57.5947705, -25.3322358], [-57.5943843, -25.3328344], [-57.5934753, -25.3323026], [-57.5928411, -25.3332279], [-57.5924695, -25.3337906], [-57.5923801, -25.3339544], [-57.5923383, -25.3342129], [-57.5918822, -25.3356925], [-57.5916293, -25.335671], [-57.5898015, -25.3351363], [-57.5892535, -25.3349595], [-57.5891986, -25.3349277], [-57.5900028, -25.3342488], [-57.5901978, -25.334048], [-57.5903105, -25.3338928], [-57.5909202, -25.3330145], [-57.592014, -25.3315074], [-57.5929493, -25.3302686], [-57.5936709, -25.3293465], [-57.5942621, -25.3287099], [-57.5942464, -25.3286423], [-57.5936364, -25.3282365], [-57.592824, -25.3277344], [-57.5927967, -25.3277192], [-57.5919603, -25.3272538], [-57.5918554, -25.3271908], [-57.5909826, -25.3266664], [-57.5904274, -25.3272846], [-57.5897462, -25.326791], [-57.5903425, -25.3261809], [-57.5908533, -25.3255653], [-57.5913716, -25.3248472], [-57.591559, -25.3250213], [-57.5922154, -25.3246261], [-57.5929039, -25.3241506], [-57.5935844, -25.3236837], [-57.5942399, -25.3232109], [-57.5949032, -25.3227464], [-57.5949443, -25.3227222], [-57.5972547, -25.3258839], [-57.5973219, -25.3259824], [-57.5973702, -25.3260551], [-57.597397, -25.3261206], [-57.5974119, -25.3261887], [-57.5974239, -25.3263097], [-57.5974373, -25.3263557], [-57.5974602, -25.326402], [-57.5975004, -25.3264505], [-57.5981423, -25.3271502], [-57.5989762, -25.3280176]]');
INSERT INTO location (id, name, coordinates) VALUES (61, 'VILLA AURELIA', '[[-57.5741441, -25.3163994], [-57.5740145, -25.3164403], [-57.5720717, -25.3170624], [-57.5685312, -25.3180565], [-57.5650068, -25.3189585], [-57.5639929, -25.3192494], [-57.5621583, -25.319744], [-57.5606455, -25.3201562], [-57.5603898, -25.3202326], [-57.5602205, -25.3200676], [-57.5600812, -25.3198895], [-57.5586229, -25.3178626], [-57.5577324, -25.3166213], [-57.5572227, -25.3159036], [-57.5568636, -25.3153859], [-57.5558178, -25.3135938], [-57.5538529, -25.3100777], [-57.5536917, -25.3097283], [-57.5535568, -25.3093617], [-57.5535124, -25.3091873], [-57.553417, -25.3086631], [-57.5532543, -25.3076671], [-57.5532249, -25.3075047], [-57.5542697, -25.3068982], [-57.5549994, -25.3064779], [-57.5579833, -25.3048202], [-57.5592476, -25.3041336], [-57.5604844, -25.3034717], [-57.5625395, -25.3023734], [-57.5625547, -25.3024034], [-57.5631623, -25.3031547], [-57.5635592, -25.3036419], [-57.5643079, -25.3045869], [-57.5645344, -25.3048593], [-57.5646827, -25.3050377], [-57.5647493, -25.305118], [-57.5648401, -25.3052274], [-57.565161, -25.3055916], [-57.5657279, -25.3063391], [-57.5665456, -25.307341], [-57.5676229, -25.3086309], [-57.5681545, -25.3092695], [-57.5683605, -25.309517], [-57.5690616, -25.3103756], [-57.569728, -25.3112079], [-57.5704606, -25.312082], [-57.5711423, -25.3129162], [-57.5718707, -25.3138063], [-57.572606, -25.3146354], [-57.5732701, -25.3154337], [-57.5740461, -25.3163643], [-57.5741441, -25.3163994]]');
INSERT INTO location (id, name, coordinates) VALUES (62, 'VILLA MORRA', '[[-57.5897105, -25.2897486], [-57.5895383, -25.2899429], [-57.5892043, -25.2900484], [-57.5879508, -25.2906004], [-57.5870654, -25.2909904], [-57.5861727, -25.2913851], [-57.5852493, -25.2918001], [-57.5843751, -25.2921848], [-57.5834815, -25.2925794], [-57.5825654, -25.2929675], [-57.5816752, -25.2933693], [-57.5807607, -25.2937657], [-57.5798604, -25.2941527], [-57.5789504, -25.2945555], [-57.5780638, -25.2949399], [-57.5771315, -25.2953353], [-57.5766369, -25.2945435], [-57.5761551, -25.2937378], [-57.5756748, -25.2929448], [-57.5752185, -25.2921692], [-57.5744259, -25.2908349], [-57.5737585, -25.2896842], [-57.5730822, -25.2885863], [-57.5726452, -25.2878879], [-57.5724929, -25.2876345], [-57.5719757, -25.2867932], [-57.5719248, -25.2866742], [-57.5719008, -25.286581], [-57.5718958, -25.2864972], [-57.5719075, -25.286446], [-57.5721788, -25.2864532], [-57.5723525, -25.286447], [-57.5725114, -25.2864241], [-57.5728447, -25.2863318], [-57.57374, -25.2861241], [-57.5740921, -25.286043], [-57.5751947, -25.2857891], [-57.5755459, -25.2857163], [-57.5765201, -25.285481], [-57.576736, -25.2854164], [-57.5770875, -25.2853484], [-57.5776778, -25.285204], [-57.57848, -25.2850244], [-57.5785576, -25.2850117], [-57.578838, -25.2849859], [-57.5791186, -25.2849839], [-57.5802509, -25.285068], [-57.5802985, -25.2850729], [-57.5803486, -25.2850781], [-57.5807687, -25.2851151], [-57.5810089, -25.2851413], [-57.581459, -25.2851766], [-57.5820237, -25.2852274], [-57.5821555, -25.285248], [-57.5822817, -25.2852848], [-57.5823304, -25.2853108], [-57.5826122, -25.2854472], [-57.5834835, -25.2858516], [-57.5836488, -25.2859141], [-57.5837491, -25.285942], [-57.5840037, -25.286004], [-57.5844066, -25.2860633], [-57.5853887, -25.2861687], [-57.5855814, -25.2861966], [-57.5867223, -25.2863261], [-57.5879521, -25.2864493], [-57.5886974, -25.2865198], [-57.5887516, -25.2865246], [-57.5892311, -25.2881616], [-57.5897105, -25.2897486]]');
INSERT INTO location (id, name, coordinates) VALUES (63, 'VIRGEN DE FATIMA', '[[-57.5971342, -25.2563589], [-57.5970194, -25.2564743], [-57.5968071, -25.2566467], [-57.5966149, -25.2567116], [-57.5964269, -25.2567346], [-57.5960215, -25.2567721], [-57.595768, -25.2568303], [-57.5955051, -25.2569705], [-57.5950655, -25.2572827], [-57.5948952, -25.2573567], [-57.5946852, -25.2574418], [-57.5944964, -25.2575379], [-57.5942374, -25.2577296], [-57.5938188, -25.2581169], [-57.5937242, -25.2583001], [-57.5937117, -25.2584602], [-57.5936976, -25.2588337], [-57.5936609, -25.2591454], [-57.593573, -25.2593349], [-57.5933702, -25.2594511], [-57.5932604, -25.2595925], [-57.5931668, -25.2597356], [-57.5931555, -25.2598331], [-57.5932204, -25.2599263], [-57.5937357, -25.2602227], [-57.5939284, -25.2603383], [-57.5939849, -25.260417], [-57.5939838, -25.2605128], [-57.5938993, -25.2606014], [-57.5935411, -25.2607755], [-57.593208, -25.2609433], [-57.5931115, -25.2610596], [-57.5930217, -25.2611775], [-57.5929688, -25.261316], [-57.5929446, -25.2616344], [-57.5929562, -25.2617541], [-57.5929294, -25.261846], [-57.5928735, -25.261926], [-57.5925211, -25.262187], [-57.5922074, -25.2624255], [-57.591732, -25.2620655], [-57.5907697, -25.2613349], [-57.5900058, -25.2607759], [-57.5898676, -25.2606657], [-57.5882505, -25.2594555], [-57.5872257, -25.2586911], [-57.5871051, -25.258599], [-57.5861913, -25.2579271], [-57.5848951, -25.2569735], [-57.5849307, -25.256939], [-57.5856528, -25.2561662], [-57.5863881, -25.2553999], [-57.5871809, -25.2545736], [-57.5877916, -25.2539533], [-57.5886655, -25.2529878], [-57.5887366, -25.2529143], [-57.5888026, -25.252833], [-57.5888559, -25.2527651], [-57.5892137, -25.2523518], [-57.5895412, -25.2519828], [-57.5898792, -25.2515898], [-57.5903942, -25.250959], [-57.5907536, -25.2505127], [-57.5909784, -25.2502591], [-57.5911098, -25.2501109], [-57.5913821, -25.2502699], [-57.5938009, -25.252297], [-57.5940584, -25.2526381], [-57.5945941, -25.2531398], [-57.5953338, -25.2538527], [-57.5953826, -25.2540679], [-57.595624, -25.254312], [-57.5969, -25.2560414], [-57.5971342, -25.2563589]]');
INSERT INTO location (id, name, coordinates) VALUES (64, 'VIRGEN DE LA ASUNCION', '[[-57.5978549, -25.2699122], [-57.5978015, -25.2698615], [-57.5967191, -25.2690121], [-57.5954896, -25.2681735], [-57.5953791, -25.2681141], [-57.5951901, -25.268049], [-57.5946208, -25.267919], [-57.5930631, -25.2676173], [-57.5921839, -25.2678675], [-57.5918171, -25.2679782], [-57.5916535, -25.2680273], [-57.5915277, -25.2680828], [-57.5912685, -25.268219], [-57.5898309, -25.2689382], [-57.5896688, -25.2691488], [-57.5894587, -25.2690901], [-57.5893895, -25.2690482], [-57.5884628, -25.2685338], [-57.5874805, -25.2679353], [-57.5865489, -25.2674103], [-57.5863022, -25.2677638], [-57.5859411, -25.2682966], [-57.585699, -25.2686408], [-57.5856491, -25.2687119], [-57.5851369, -25.2694582], [-57.5848783, -25.2698351], [-57.584629, -25.2701985], [-57.5843509, -25.2706044], [-57.5842243, -25.2707892], [-57.5841672, -25.2708573], [-57.5840974, -25.2709112], [-57.5840432, -25.2709503], [-57.58336, -25.2686796], [-57.5831446, -25.2679656], [-57.5828664, -25.2670335], [-57.5824491, -25.2656309], [-57.58197, -25.2639483], [-57.5817452, -25.2631937], [-57.5812079, -25.2613595], [-57.5810632, -25.2608399], [-57.581094, -25.2608086], [-57.5823075, -25.259616], [-57.5832625, -25.2586312], [-57.5839742, -25.2579099], [-57.5848599, -25.2570129], [-57.5848951, -25.2569735], [-57.5861913, -25.2579271], [-57.5871051, -25.258599], [-57.5872257, -25.2586911], [-57.5882505, -25.2594555], [-57.5898676, -25.2606657], [-57.5900058, -25.2607759], [-57.5907697, -25.2613349], [-57.591732, -25.2620655], [-57.5922074, -25.2624255], [-57.5936796, -25.2634916], [-57.5938878, -25.263644], [-57.5939176, -25.2636641], [-57.5948212, -25.2643358], [-57.595593, -25.2649244], [-57.5963889, -25.2655244], [-57.5973209, -25.2662151], [-57.5972903, -25.2662472], [-57.5972382, -25.2663708], [-57.5971654, -25.2665005], [-57.5971226, -25.2666027], [-57.597102, -25.2666789], [-57.5970954, -25.2667357], [-57.597388, -25.2679602], [-57.5976409, -25.2690253], [-57.5978549, -25.2699122]]');
INSERT INTO location (id, name, coordinates) VALUES (65, 'VIRGEN DEL HUERTO', '[[-57.6006648, -25.2814824], [-57.6006044, -25.2814653], [-57.5996752, -25.2816044], [-57.5989264, -25.2817165], [-57.5981821, -25.2818279], [-57.5972389, -25.2819692], [-57.5962661, -25.2821228], [-57.5953145, -25.2822641], [-57.5945019, -25.2823385], [-57.5944941, -25.282265], [-57.5944815, -25.2821209], [-57.5944633, -25.281929], [-57.5943081, -25.2802874], [-57.5942652, -25.2798337], [-57.594239, -25.2796494], [-57.5941404, -25.2788232], [-57.5940233, -25.2776907], [-57.5939872, -25.2773418], [-57.5937781, -25.2754258], [-57.5937631, -25.2752886], [-57.5936486, -25.2740873], [-57.5935746, -25.27261], [-57.5934293, -25.2712141], [-57.5934207, -25.2710746], [-57.5933598, -25.270467], [-57.5932074, -25.2688853], [-57.5930803, -25.2677682], [-57.5930631, -25.2676173], [-57.5946208, -25.267919], [-57.5951901, -25.268049], [-57.5953791, -25.2681141], [-57.5954896, -25.2681735], [-57.5967191, -25.2690121], [-57.5978015, -25.2698615], [-57.5978549, -25.2699122], [-57.598243, -25.271486], [-57.5985418, -25.2727375], [-57.5988201, -25.2739159], [-57.5989617, -25.2745194], [-57.5993668, -25.276084], [-57.5994311, -25.2763393], [-57.5998193, -25.2780324], [-57.6000306, -25.2789265], [-57.6000481, -25.2790014], [-57.6002587, -25.2797753], [-57.6004847, -25.2807249], [-57.6006648, -25.2814824]]');
INSERT INTO location (id, name, coordinates) VALUES (66, 'VISTA ALEGRE', '[[-57.6126468, -25.3158596], [-57.6126102, -25.3158931], [-57.6123468, -25.3160708], [-57.6114971, -25.3165684], [-57.6111631, -25.3167364], [-57.6114549, -25.3173496], [-57.6103377, -25.3176504], [-57.6092418, -25.3179721], [-57.6079027, -25.318312], [-57.6081739, -25.3192406], [-57.6082336, -25.3194689], [-57.6083186, -25.3196907], [-57.6084128, -25.3198835], [-57.6085118, -25.3200699], [-57.6094165, -25.3217111], [-57.6094336, -25.3218342], [-57.6094596, -25.3223752], [-57.6086051, -25.3215414], [-57.6078766, -25.320811], [-57.6069304, -25.3216387], [-57.6058435, -25.3225921], [-57.6044666, -25.3237025], [-57.6052255, -25.324485], [-57.6054965, -25.3247668], [-57.6050133, -25.3251276], [-57.6048758, -25.3251684], [-57.6045119, -25.3254432], [-57.6038435, -25.325975], [-57.6031606, -25.3265184], [-57.6023198, -25.3255586], [-57.6015794, -25.3247223], [-57.600989, -25.3240125], [-57.6009245, -25.3238573], [-57.6006586, -25.3230269], [-57.5999022, -25.32068], [-57.5991243, -25.3181342], [-57.5970429, -25.3110009], [-57.596337, -25.3086341], [-57.5991082, -25.3077032], [-57.6018074, -25.3067721], [-57.6034266, -25.3062484], [-57.6057333, -25.305526], [-57.6076345, -25.3049263], [-57.6088885, -25.3076816], [-57.6102499, -25.3105911], [-57.6114052, -25.3131675], [-57.6114297, -25.3132093], [-57.6118123, -25.3140054], [-57.6122133, -25.3149095], [-57.6126468, -25.3158596]]');
INSERT INTO location (id, name, coordinates) VALUES (67, 'YCUA SATI', '[[-57.5737585, -25.2896842], [-57.5737006, -25.2897011], [-57.572573, -25.290029], [-57.5714663, -25.2903457], [-57.5704106, -25.2906481], [-57.5692755, -25.2909667], [-57.5681672, -25.2912769], [-57.5670471, -25.2915723], [-57.5659791, -25.2918856], [-57.56476, -25.2922322], [-57.5636788, -25.2925329], [-57.5629221, -25.2927194], [-57.562709, -25.2927494], [-57.5617079, -25.2927935], [-57.5616021, -25.2927966], [-57.5602057, -25.2928614], [-57.5586655, -25.2929396], [-57.558574, -25.2929449], [-57.5570478, -25.2930337], [-57.5568982, -25.293039], [-57.5552415, -25.2931367], [-57.5536822, -25.2932097], [-57.5520703, -25.2932884], [-57.5520473, -25.2932895], [-57.550904, -25.2933455], [-57.5502285, -25.2932235], [-57.5502441, -25.2932099], [-57.5512684, -25.2921671], [-57.5513885, -25.2920416], [-57.5521104, -25.2913143], [-57.5526229, -25.2908039], [-57.5527516, -25.2906802], [-57.5528401, -25.2905662], [-57.5529736, -25.2903918], [-57.5531244, -25.2901879], [-57.5532559, -25.2900254], [-57.5533471, -25.2899212], [-57.5536877, -25.2896107], [-57.554259, -25.2891306], [-57.5547733, -25.2887242], [-57.5556251, -25.2881482], [-57.5568951, -25.2873059], [-57.5582623, -25.2864158], [-57.5596085, -25.28551], [-57.5597689, -25.285407], [-57.5602081, -25.2851193], [-57.560471, -25.2849616], [-57.5606695, -25.2848549], [-57.5608996, -25.2847503], [-57.5623106, -25.2841943], [-57.5638749, -25.2837006], [-57.5641484, -25.2835891], [-57.5643173, -25.2835015], [-57.5644019, -25.283454], [-57.5646908, -25.2834959], [-57.5655472, -25.2835778], [-57.5662406, -25.2836958], [-57.5665938, -25.2837671], [-57.566905, -25.2838738], [-57.5672697, -25.2840193], [-57.5678638, -25.2843004], [-57.5686151, -25.2847402], [-57.5696867, -25.2854437], [-57.5703006, -25.2857946], [-57.57099, -25.2861208], [-57.571601, -25.2863732], [-57.5717284, -25.2864111], [-57.5719075, -25.286446], [-57.5718958, -25.2864972], [-57.5719008, -25.286581], [-57.5719248, -25.2866742], [-57.5719757, -25.2867932], [-57.5724929, -25.2876345], [-57.5726452, -25.2878879], [-57.5730822, -25.2885863], [-57.5737585, -25.2896842]]');
INSERT INTO location (id, name, coordinates) VALUES (68, 'YTAY', '[[-57.5502285, -25.2932235], [-57.5499992, -25.2934676], [-57.5498936, -25.2935853], [-57.5497352, -25.293762], [-57.549353, -25.2941333], [-57.549175, -25.294308], [-57.5486926, -25.2948554], [-57.5477034, -25.2959383], [-57.5465692, -25.2972049], [-57.5458713, -25.2979965], [-57.5455058, -25.2984276], [-57.5452285, -25.2987037], [-57.5441819, -25.2974554], [-57.5431535, -25.2962084], [-57.5432834, -25.2960719], [-57.5434419, -25.2959618], [-57.5434419, -25.2959036], [-57.5434097, -25.2957969], [-57.5433829, -25.2956853], [-57.5433883, -25.295535], [-57.5434419, -25.2953313], [-57.5435224, -25.2951809], [-57.5435653, -25.2950742], [-57.5435599, -25.2949724], [-57.5434848, -25.2947881], [-57.5434258, -25.2946474], [-57.5433775, -25.294531], [-57.5433883, -25.2943855], [-57.5434097, -25.2943128], [-57.5434741, -25.2942303], [-57.5436062, -25.294131], [-57.5436374, -25.2941076], [-57.5437155, -25.29408], [-57.543796, -25.2940218], [-57.5438228, -25.2939442], [-57.5437799, -25.2938763], [-57.5437745, -25.2937356], [-57.5437423, -25.2936338], [-57.5434634, -25.2932942], [-57.5433507, -25.2932069], [-57.5432059, -25.2931196], [-57.54312, -25.2930566], [-57.5430557, -25.2930032], [-57.5429913, -25.292882], [-57.5429055, -25.2927462], [-57.5428733, -25.292688], [-57.5427714, -25.2926395], [-57.5427123, -25.2926152], [-57.5425675, -25.2925667], [-57.5424066, -25.2924649], [-57.5423851, -25.2924406], [-57.5423207, -25.292363], [-57.5422188, -25.2922127], [-57.5420954, -25.2920963], [-57.5419568, -25.2920117], [-57.5418605, -25.2919138], [-57.5418478, -25.2918551], [-57.5418698, -25.2917291], [-57.5418987, -25.2916562], [-57.5419584, -25.2916018], [-57.5420574, -25.2915323], [-57.5421409, -25.2914285], [-57.5421622, -25.2913824], [-57.5417145, -25.2899722], [-57.5416876, -25.28988], [-57.5417413, -25.2898218], [-57.5418325, -25.289783], [-57.5418593, -25.2897297], [-57.5418486, -25.2895939], [-57.5417574, -25.2895163], [-57.5416233, -25.2893756], [-57.5415849, -25.2892238], [-57.5415589, -25.2888906], [-57.5415482, -25.2886626], [-57.5415482, -25.2884686], [-57.5415259, -25.2883701], [-57.5414883, -25.2883119], [-57.5414623, -25.2882503], [-57.541457, -25.2881776], [-57.5414025, -25.2881034], [-57.5413121, -25.2880466], [-57.5412692, -25.2879739], [-57.5412469, -25.2879045], [-57.5412899, -25.2878269], [-57.541322, -25.2877299], [-57.5413918, -25.2875601], [-57.5413926, -25.2874937], [-57.541355, -25.2873821], [-57.5413175, -25.2873142], [-57.5411995, -25.2872027], [-57.5411136, -25.2870766], [-57.5410761, -25.2869553], [-57.5410914, -25.2868326], [-57.5411236, -25.2866774], [-57.5412148, -25.2864736], [-57.5412102, -25.2863441], [-57.541145, -25.2862554], [-57.5410439, -25.2861647], [-57.5409358, -25.2860371], [-57.5408186, -25.2859949], [-57.5407542, -25.2859513], [-57.5406461, -25.2857703], [-57.540571, -25.28562], [-57.5404835, -25.2853965], [-57.5405179, -25.2852526], [-57.5406993, -25.284963], [-57.5409568, -25.2847593], [-57.5411713, -25.2845362], [-57.541116, -25.2834352], [-57.5411005, -25.2832336], [-57.5410572, -25.283023], [-57.5410039, -25.2828534], [-57.5409353, -25.2827124], [-57.5408506, -25.28257], [-57.5407998, -25.2824053], [-57.5407711, -25.2822753], [-57.5407151, -25.2821192], [-57.5406027, -25.2818878], [-57.540574, -25.2817663], [-57.5405618, -25.2816126], [-57.5405639, -25.2814394], [-57.5405848, -25.2813134], [-57.5406456, -25.2811505], [-57.5407516, -25.2808127], [-57.5407983, -25.2807349], [-57.5408777, -25.2806881], [-57.5411478, -25.2806058], [-57.5412263, -25.280559], [-57.5412502, -25.2805059], [-57.5413627, -25.2802506], [-57.5414074, -25.2801028], [-57.5414347, -25.2798332], [-57.5414642, -25.2796157], [-57.5415554, -25.2793458], [-57.5415939, -25.2792274], [-57.5415801, -25.2790768], [-57.5415362, -25.2788222], [-57.5415107, -25.2786874], [-57.5415046, -25.278534], [-57.5414658, -25.2784445], [-57.5414684, -25.2783295], [-57.5415445, -25.278216], [-57.5415334, -25.2781505], [-57.5414728, -25.2780825], [-57.5413192, -25.2778743], [-57.5413038, -25.2778083], [-57.5413432, -25.2777615], [-57.5414217, -25.2777151], [-57.5416647, -25.2775663], [-57.5417178, -25.277533], [-57.5417586, -25.2774843], [-57.5417482, -25.2774327], [-57.5417037, -25.2773717], [-57.5415751, -25.2772741], [-57.5415613, -25.2772118], [-57.5415687, -25.2771499], [-57.5415987, -25.277067], [-57.5418929, -25.2768669], [-57.5422682, -25.2766801], [-57.5423848, -25.2765705], [-57.5424271, -25.2764318], [-57.5423681, -25.2760947], [-57.5423734, -25.2755999], [-57.5423466, -25.2751391], [-57.5423547, -25.2749256], [-57.5423842, -25.2747122], [-57.542478, -25.2744696], [-57.5426141, -25.2742969], [-57.5428596, -25.2744308], [-57.5433934, -25.2746879], [-57.5437957, -25.274848], [-57.5442088, -25.2750032], [-57.5449759, -25.2752446], [-57.5450993, -25.2752739], [-57.5451038, -25.2752936], [-57.5450834, -25.2753439], [-57.5454828, -25.2766258], [-57.5461078, -25.2788935], [-57.5463874, -25.2799359], [-57.5466465, -25.2808797], [-57.5470921, -25.2824491], [-57.5475151, -25.2839774], [-57.5479262, -25.2855104], [-57.5482878, -25.2868109], [-57.5487551, -25.2885194], [-57.5492272, -25.2902097], [-57.5496852, -25.2918963], [-57.5499427, -25.2926117], [-57.5501385, -25.293087], [-57.5502285, -25.2932235]]');
INSERT INTO location (id, name, coordinates) VALUES (69, 'ZEBALLOS CUE', '[[-57.5799759, -25.2315185], [-57.5785947, -25.2321138], [-57.5773188, -25.233836], [-57.5775388, -25.2339573], [-57.5767816, -25.2357629], [-57.5767411, -25.2358335], [-57.5761419, -25.2352314], [-57.5760397, -25.235125], [-57.5759209, -25.2350287], [-57.5757578, -25.2349336], [-57.5753667, -25.2347787], [-57.5741046, -25.2352098], [-57.5725149, -25.2357627], [-57.5722396, -25.2358508], [-57.5674784, -25.2374998], [-57.5639926, -25.2385865], [-57.5636098, -25.2387222], [-57.5633311, -25.2388386], [-57.5631968, -25.2389162], [-57.5630763, -25.2389792], [-57.5628438, -25.2390853], [-57.5626574, -25.2391872], [-57.5624833, -25.2392802], [-57.5607935, -25.2402215], [-57.5582669, -25.2416093], [-57.5575105, -25.2420265], [-57.5555847, -25.2430115], [-57.5555214, -25.2430445], [-57.5547908, -25.2418662], [-57.5541758, -25.2421828], [-57.553987, -25.2422653], [-57.5538, -25.2419363], [-57.5532764, -25.2421869], [-57.5527245, -25.24244], [-57.5521821, -25.2426673], [-57.5520641, -25.2425411], [-57.5519943, -25.242478], [-57.5514847, -25.2420462], [-57.5506294, -25.2414256], [-57.5503735, -25.241288], [-57.5499934, -25.2409239], [-57.5479066, -25.239279], [-57.5473863, -25.2398224], [-57.5473112, -25.2398952], [-57.5467479, -25.2389636], [-57.5466299, -25.2387403], [-57.5465548, -25.2385463], [-57.546469, -25.2383133], [-57.5464421, -25.2381678], [-57.5460881, -25.2372021], [-57.545882, -25.2365566], [-57.5451979, -25.2344598], [-57.5451805, -25.2343963], [-57.5508037, -25.2324755], [-57.5509332, -25.2324147], [-57.5532637, -25.231245], [-57.5547489, -25.2304715], [-57.5578057, -25.2289029], [-57.557874, -25.2288552], [-57.5580432, -25.2287309], [-57.5588264, -25.2283136], [-57.5589078, -25.2282744], [-57.5591321, -25.2281664], [-57.5592633, -25.2281032], [-57.5596525, -25.2279157], [-57.560242, -25.2276188], [-57.5604246, -25.2275268], [-57.5606932, -25.2273916], [-57.5611223, -25.2271489], [-57.5613262, -25.2270422], [-57.5628259, -25.2263164], [-57.5635455, -25.2260715], [-57.5644522, -25.225509], [-57.5649886, -25.2256546], [-57.5656538, -25.2256789], [-57.5667267, -25.2253052], [-57.5681879, -25.2247522], [-57.5696986, -25.224291], [-57.569895, -25.2242733], [-57.5700309, -25.2244091], [-57.5702136, -25.2245795], [-57.5703411, -25.2245983], [-57.5706044, -25.2247627], [-57.5706701, -25.2246467], [-57.5708286, -25.2247134], [-57.5707763, -25.2248626], [-57.5716799, -25.225212], [-57.5717639, -25.225138], [-57.572067, -25.2252562], [-57.5720471, -25.2253334], [-57.5731782, -25.2260873], [-57.5738761, -25.2265284], [-57.5739115, -25.226763], [-57.5742181, -25.2272561], [-57.5748778, -25.2277994], [-57.5749631, -25.2278832], [-57.575559, -25.228523], [-57.5758186, -25.2288006], [-57.5767302, -25.2297754], [-57.5769424, -25.2301015], [-57.5770269, -25.2303181], [-57.5770885, -25.2304506], [-57.5771944, -25.23057], [-57.5775037, -25.2307168], [-57.5778819, -25.2308332], [-57.5780986, -25.2308804], [-57.5784238, -25.2309512], [-57.5788694, -25.2312043], [-57.5791056, -25.2313428], [-57.5793103, -25.2313183], [-57.57975, -25.23125], [-57.5799759, -25.2315185]]');
INSERT INTO location (id, name, coordinates) VALUES (70, 'ÑU GUAZU', '[[-57.5491797, -25.2571268], [-57.5491041, -25.2571518], [-57.5490562, -25.2571906], [-57.5490177, -25.2572476], [-57.5489122, -25.257842], [-57.5488342, -25.2581586], [-57.5487178, -25.2586311], [-57.5485834, -25.2592128], [-57.5485124, -25.2595577], [-57.5484664, -25.2597816], [-57.5483883, -25.2601553], [-57.5483396, -25.2602605], [-57.5481143, -25.2610025], [-57.5476061, -25.2633244], [-57.5467893, -25.2671188], [-57.5462241, -25.2698373], [-57.5461883, -25.2699531], [-57.546081, -25.270574], [-57.5459914, -25.2711304], [-57.5457755, -25.2721879], [-57.5455398, -25.2732048], [-57.5453577, -25.2740979], [-57.5453187, -25.2742489], [-57.5452867, -25.2744163], [-57.5452318, -25.2746548], [-57.5450993, -25.2752739], [-57.5449759, -25.2752446], [-57.5442088, -25.2750032], [-57.5437957, -25.274848], [-57.5433934, -25.2746879], [-57.5428596, -25.2744308], [-57.5426141, -25.2742969], [-57.5427579, -25.2740572], [-57.542776, -25.2740124], [-57.5428118, -25.273924], [-57.5428051, -25.2738013], [-57.5427775, -25.2736601], [-57.5426496, -25.2729821], [-57.5425814, -25.2726631], [-57.5425404, -25.272372], [-57.5425377, -25.2721807], [-57.542516, -25.2720497], [-57.5423738, -25.271763], [-57.5420069, -25.2711297], [-57.5418795, -25.2708777], [-57.5417239, -25.2701937], [-57.5416617, -25.2699035], [-57.5416096, -25.2697958], [-57.5415783, -25.2697311], [-57.5414375, -25.2695584], [-57.5411912, -25.2693086], [-57.5410271, -25.2691012], [-57.5402902, -25.2677848], [-57.5401937, -25.2675588], [-57.5401297, -25.2673851], [-57.5400455, -25.2672269], [-57.5398846, -25.2669552], [-57.5396659, -25.2666441], [-57.5394554, -25.2663052], [-57.5392767, -25.2660363], [-57.5391986, -25.2658859], [-57.5391281, -25.2657689], [-57.5389535, -25.2655422], [-57.5387612, -25.2652506], [-57.5386186, -25.2649468], [-57.5385327, -25.2646072], [-57.5382753, -25.2640833], [-57.5380376, -25.2636399], [-57.537771, -25.2630645], [-57.5376813, -25.2628762], [-57.5375799, -25.2626631], [-57.537515, -25.262545], [-57.5372733, -25.2622971], [-57.5370987, -25.2620463], [-57.5367625, -25.2615412], [-57.5364979, -25.2611229], [-57.5363961, -25.2609619], [-57.5363226, -25.2607261], [-57.536269, -25.2603089], [-57.5362383, -25.260032], [-57.5361731, -25.2598597], [-57.536085, -25.2596908], [-57.5359672, -25.2594306], [-57.5359248, -25.259277], [-57.5360329, -25.259261], [-57.5491424, -25.2570271], [-57.5491571, -25.2570743], [-57.5491797, -25.2571268]]');

CREATE TABLE author (id INTEGER PRIMARY KEY, name TEXT);
INSERT INTO author VALUES(1,'Adriana Paz');
INSERT INTO author VALUES(2,'Seba Villarejo');
INSERT INTO author VALUES(3,'horacioraulp');
INSERT INTO author VALUES(4,'Miembros de la Comunidad');
INSERT INTO author VALUES(5,'Juan José Jara Laconich');
INSERT INTO author VALUES(6,'victor.surco');
INSERT INTO author VALUES(7,'normifranco');
INSERT INTO author VALUES(8,'Graciela López de Paz');
INSERT INTO author VALUES(9,'adriscappini');
INSERT INTO author VALUES(10,'Ana Hermosa');
INSERT INTO author VALUES(11,'gisesanchez.e');
INSERT INTO author VALUES(12,'monilaloux');
INSERT INTO author VALUES(13,'lezcano.marcelo');
INSERT INTO author VALUES(14,'seba');
INSERT INTO author VALUES(15,'casg90');
INSERT INTO author VALUES(16,'lflegon');
INSERT INTO author VALUES(17,'Alejandro Codas');
INSERT INTO author VALUES(18,'hermoana');
INSERT INTO author VALUES(19,'mjsaldivar');
INSERT INTO author VALUES(20,'Guada Galeano');
INSERT INTO author VALUES(21,'pbmserrano');
INSERT INTO author VALUES(22,'achiramos');
INSERT INTO author VALUES(23,'gracielaldp');
INSERT INTO author VALUES(24,'Graciela López de Paz');
INSERT INTO author VALUES(25,'Cristhian Parra');
INSERT INTO author VALUES(26,'fabriziomacchi9');
INSERT INTO author VALUES(27,'miguelroma69');
INSERT INTO author VALUES(28,'cdr');
INSERT INTO author VALUES(29,'Victor Chamorro Gonzalez');
INSERT INTO author VALUES(30,'Marco Di Tore');
INSERT INTO author VALUES(31,'Nicoej');
INSERT INTO author VALUES(32,'gaweiberlen');
INSERT INTO author VALUES(33,'luedlo85');
INSERT INTO author VALUES(34,'alvarograum');
INSERT INTO author VALUES(35,'Jorge Saldivar');

CREATE TABLE users (id INTEGER PRIMARY KEY, email TEXT, password TEXT, author_id INTEGER);
INSERT INTO users VALUES (1,'test1@example.com','$2a$08$3s3Fh7Wh2kGgEJ0LhJrgkuWNQpWsr4QqrTKAtR5iH/bi9JwmyRU62', 1);
INSERT INTO users VALUES (2,'test2@example.com','$2a$08$lhHBu6Rmx2W1FbHZLyvJueMKNbmTq6f6bzmeLxf7FD00rrIwmqEli', 2);
INSERT INTO users VALUES (3,'test3@example.com','$2a$08$kpzS8XEZnY0gW52yRmE0aeFkC5zxZjyjJ.rRaT1WZ8pabzwj6X5j2', 3);
INSERT INTO users VALUES (4,'test4@example.com','$2a$08$2maiMY1E15S7HODwmAmh2OS4mKGYkC/crishhEyULSRY4Y0MO/3Me', 4);
INSERT INTO users VALUES (5,'test5@example.com','$2a$08$Jb/ZSY2ZNExxoSMFTgpQuukUxVgHItWwfEJHQArONFVDJjuFpiGXK', 5);
INSERT INTO users VALUES (6,'test6@example.com','$2a$08$Vf86c5hs1bC4tC/3x03y0u7aM2RePrP7TwSJ6ZLZ8FlLUbX1JdTjW', 6);
INSERT INTO users VALUES (7,'test7@example.com','$2a$08$8rALWvibdKAC4YmWyFmLdOT7n6gCCCE.c9BioIyFQVKYC7sPFa4MS', 7);
INSERT INTO users VALUES (8,'test8@example.com','$2a$08$VWqJLiNq6QQo/dzkj0Fe3u9pVka/2CuyDVOZAInFPskfkyhmiEami', 8);

CREATE TABLE users_push_token (id INTEGER PRIMARY KEY, user_id INTEGER, token TEXT);

CREATE TABLE campaign (id INTEGER PRIMARY KEY, name TEXT, hashtag TEXT);
INSERT INTO campaign VALUES(1,'Movilidad Urbana Sostenible','movilidad');
INSERT INTO campaign VALUES(2,'Basura Cero!','basura');
INSERT INTO campaign VALUES(3,'Gestión Municipal','gestion');
INSERT INTO campaign VALUES(4,'Infraestructura','infraestructura');
INSERT INTO campaign VALUES(5,'Inspiración','inspiración');
INSERT INTO campaign VALUES(6,'Mercados Municipales','mercados');

CREATE TABLE idea (id INTEGER PRIMARY KEY, date TEXT, campaign_id INTEGER, idea_id INTEGER, title TEXT, description TEXT, location_id INTEGER, author_id INTEGER, total_votes INTEGER, votes_up INTEGER, votes_down INTEGER, comments INTEGER, voted_up INTEGER, voted_down INTEGER);
INSERT INTO idea VALUES(1,'2015-11-25 09:59:56.56',1,795620,'El Transporte Debe Ser Publico! Y Porque? Pues Porque Un',replace('EL TRANSPORTE DEBE SER PUBLICO! Y porque? pues porque un empresario no te va a poner un micro despues de las 11 de la noche y durante toda la noche hasta las 5 de la mañana! porque simplemente no le es rentable!, entonces la municipalidad debe gestionar el transporte publico para garantizar el servicio a todos y para todos 24hs del dia!, para lo cual debera ser gestionado por la Municipalidad de la Asuncion con cooperacion de las ciudades circuncidantes, con el MOPC, Gobernacion, Policia Caminera, etc, etc El transporte publico debe ser integro e integrado, deberan estar concectados todos los servicios, ej, buses, trenes, metro, incluso bicis publicas, se pueden comprar los billetes en efectivo de a uno o con tarjetas magneticas y comprando tickets de 2, 3 dias, 10 viajes integrados, tarjeta de mes, etc, etc, Los tickets se podran comprar en efectivo, tarjeta debito y credito. La financiacion dejaremos a cargo de los especialistas en la cuestion. Particularmente creo que el metro-bus, no sera la solucion al caotico transito sino mas bien causara mas problemas, porque sera lento, o sea no sera practica la gente querra seguir usando los buses chatarras, tampoco deberian pasar por los mercados 4 y San Lo por ej, deberian de pasar varias cuadras alrededor para descontracturar mas bien el transito cuestion que lo he mencionado al Ing. Rivarola pero ha hecho caso omiso y sigue con sus planes, Yo lo que propondria es en vez de utilizar un metro o subway, hacerlo con un tren electrico monoriel que vaya por arriba, los detalles tecnicos lo dejamos a cargo de los especialistas, tambien pueden consultar con el Ing. Pankow quien tambien comparte la idea. Entonces el karaku de la idea seria hacer el tren electrico con 10 paradas desde el centro de Asu hasta San Lorenzo o Capiata podran interconectarse con los trenes o tramvias del botanico y el que va a Ypacarai, tambien conectar con buses electricos, los trolebuses no creo que sea una buena opcion por las lluvias y los arboloes que caen, tambien se deberian de interconectar con tramvias, incluso bicicletas publicas Esta idea seria una copia al Transporte Metropolitano de Barcelona al cual se le puede pedir informacion y colaboracion\n\n','\n',char(10)),62,4,0,0,0,2,0,0);
INSERT INTO idea VALUES(2,'2015-11-16 09:09:19.19',2,793683,'Basureros en el transporte público','Aunque creo que esta medida no debería ser necesaria, para empezar a concientizar al menos creo que sería interesante incluir en los buses o medios de transporte públicos un basurero y así evitar que la gente arroje sus desperdicios por la ventana. También poner basureros en las paradas de buses con el mismo objetivo',62,5,0,0,0,1,0,0);
INSERT INTO idea VALUES(3,'2015-11-04 07:02:28.28',3,791267,'Paradas de Micro y efectivo control de respeto a las mismas','Creo que el ultimo intendente que señalizo y creo paradas fue Filizzola, desde ahi ninguno, actualmente el transito de los micros pero mismo para los usuarios es anarquico ya que las paradas no estan debidamente señalizadas. Ademas si pretendemos ser una ciudad amigable con quienes no viven aca, como hace un extraño a la misma para tomar los micros si las paradas no estan señalizadas?',62,3,4,4,0,0,0,0);
INSERT INTO idea VALUES(4,'2015-10-28 12:48:22.22',2,789810,'Creo Que Es Hora Que Sean Implementadas Medidas Para Clasificar',replace('Creo que es hora que sean implementadas medidas para clasificar las basuras. es realmente muy importante la diferenciacion (vidrios/cartones/organicos/embalajes u otro) ya que permite mecanismos mas eficientes de recoleccion, a mas del obvio aporte a la mejora de la calidad de vida y el ambiente. Creo que al menos un plan piloto deberia ser implementado.','\n',char(10)),62,4,5,5,0,4,0,0);
INSERT INTO idea VALUES(5,'2015-10-28 11:07:23.23',4,789782,'INSTALACION DE BAÑOS AUTOLIMPIANTES EN LUGARES PUBLICOS ','Es de suma importancia y una necesidad que la Municialidad instale baños públicos (autolimpiantes) en plazas, parques, la Costanera, incluso en el microcentro y otros lugares públicos donde hay mucha afluencia de personas que frecuentan y/o visitan esos lugares. Hoy en dia existen baños móviles autolimpiantes que cada vez que son usados, se limpian automáticamente antes de que la siguiente persona pueda ingresar. Esto permite que los baños estén siempre higienicamente mantenidos y limpios sin necesidad de que haya una persona permanentemente  haciendo esta limpieza. Además no requieren de mucha infraestructura, no ocupan demasiado espacio y son estéticamente bastante lindos',62,4,4,4,0,0,0,0);
INSERT INTO idea VALUES(6,'2015-10-27 08:26:49.49',1,789677,'PASAJES DE OMNIBUS: TARJETAS EN VEZ DE BILLETES','Seria muy interesante que la Municipalidad juntamente con las empresas de transporte público implementasen un sistema de tarjetas magnéticas recargables para el pago de los pasajes/boletos. Esto facilitaria a  las personas que se movlizan en ómnibus todos los dias quienes no tendrIan  necesidad de utilizar dinero y/o monedas cada vez que suban a un ómnibus. Este sistema que existe en casi todos los paises del mundo contribuye también a transparentar, tener un mejor control y a ordenar el sistema de transporte público además de mejorar el servicio que este presta a la ciudadanía.',36,4,4,4,0,0,0,0);
INSERT INTO idea VALUES(7,'2015-10-27 04:43:24.24',3,789656,'educar a través de los medios de comunicación','Utilizar los medios para enseñar por ejemplo donde arrojar la basura, respetar la franja peatonal en los semáforos, el daño que produce el contrabando, etc, así los niños comenzarán a reclamarles a los mayores ya que los padres no les enseñan. Gracias',36,27,5,5,0,0,0,0);
INSERT INTO idea VALUES(8,'2015-10-27 02:57:29.29',4,789650,'ASUNCION SIN CABLES','Que lindo seria mirar hacia arriba y poder ver el cielo, las copas de los árboles y/o edificios sin tener  que ver un montón de cables (cada vez hay más) que poluyen la visual además de representar un permanente peligro. La Municipalidad podria llevar adelante un proyecto de socavar los cables aéreos en forma paulatina comenzando por ejemplo por el microcentro y las avenidas y calles principales hasta llegar a tener en un tiempo una Asunción sin cables.',36,4,6,6,0,1,0,0);
INSERT INTO idea VALUES(9,'2015-10-26 17:42:46.46',3,789635,'Servicios vs tasas e impuestos',replace('Es necesario que en el presupuesto se asignen efectivamente  a obras en los barrios lo que se recauda en concepto \n1. Conservacion de plazas ,paseos y jardines publicos\n2. Limpieza en la via publica\n3. Contribucion especial por conservacion del pavimento\nY que todo esto sea verificable por los vecinos.....','\n',char(10)),36,24,4,4,0,2,0,0);
INSERT INTO idea VALUES(10,'2015-10-26 14:00:35.35',4,789623,'carriles de giro a la izquierda','Instalar carriles de giros a la izquierda en puntos determinados de calles y avenidas. Mediante marcacion con pintura . Anulando todo giro a la izq.  En. Los demás puntos. Esto agiliza el trafico y ofrece mayor dinamismo.',36,4,3,3,0,0,0,0);
INSERT INTO idea VALUES(11,'2015-10-24 04:03:55.55',5,789381,'Mejor control de la polución vehicular',replace('¿Aire contaminado, 500 veces más que el máximo permitido por la Organización mundial de la Salud (OMS)?\n\nDebido al gran crecimiento del parque automotor de Asunción y los escasos controles efectivos de las condiciones de estos vehículos, los niveles de polución en el ambiente superan ampliamente los niveles máximos permitidos por la Organización Mundial de la Salud (OMS). En un articulo de ABC Color del 2014 (http://goo.gl/MuLYqg y http://goo.gl/yZxlsz), se habla de que los niveles de polución son de mas de 500 veces el nivel máximo establecido por la OMS, incluyendo gases severamente tóxicos para la salud como ser el dióxido de azufre (SO2) y óxido de nitrógeno (NOx), ambos resultantes de la combustión del Diesel y otros combustibles. Y no es ninguna sorpresa que los vehículos del transporte público sean uno de los mayores causantes de dicha polución.\n\nLos efectos de la salud de estos gases tóxicos han sido ampliamente estudiados y comprobados. Y los riesgos se aplican no solo a los residentes en Asunción, sino también a todas aquellas personas provenientes de otras ciudades que se desempeñan en sus actividades cotidianas en Asunción.\n\nComo primera medida, esta propuesta se enfoca en mejorar el monitoreo de los niveles de polución de la ciudad para comprender mejor la dinámica del fenómeno. No se pueden establecer políticas ni medidas concretas si no se tiene una evaluación cuantitativa y cualitativa del fenómeno.  \n\nEl segundo paso sería revisar y establecer las normas comunales que permitan llevar a la ciudad a los niveles máximos establecidos por la OMS. Y en cuanto a políticas existen varios ejemplos a tomar en consideración de diferentes ciudades del mundo:\n1) las zonas y horarios de tráfico limitado,\n2) reducción de la circulación del parque automotor (por ejemplo, por terminación de números de chapas),\n3) fomentación del uso de medios de transportes menos contaminantes (bicicletas, vehículos de transporte eléctrico, etc.). \n\nFinalmente, una vez establecidas las políticas y normas comunales, establecer los controles pertinentes para reforzar el cumplimiento de las mismas. Y esto involucra principalmente a la Policía Municipal de Tránsito en colaboración con la Secretaría del Ambiente (SEAM).\n\nSi no se toman medidas inmediatas de corto, mediano y largo plazo, este fenómeno no va hacer otra cosa que ir empeorando. Más aun considerando las actuales obras viales en zonas estratégicas de entrada a la ciudad, que van a fomentar el incremento del parque automotor. \n\n(fuente de la imagen: wikipedia.org)','\n',char(10)),49,28,9,9,0,0,0,0);
INSERT INTO idea VALUES(12,'2015-10-22 08:58:01.01',1,789158,'Controlar que los omnibus paren en los puntos asignados',replace('Quienes conducimos por las calles de Asunción nos encontramos a diario con omnibus que paran en los semáforos,  en cualquier esquina o lugar no asignado como parada sin respetar las establecidas por la Municipalidad y mucho menos a los conductores de otros vehiculos que repentinamente y de golpe se ven obligados a frenar porque al chofer del omnibus se le ocurre o antoja parar para subir o bajar pasajeros.\nEsto es una falta de respeto total a los reglamentos u ordenanzas municipales y a los conductores que circulan por las calles. Ademas constituye un peligro constante para conductores y tambien para los pasajeros de los omnibus que son depositados en forma arbitraria en cualquier punto segun el criterio o comodidad del chofer. Genera caos y desorden en el trafico que de por si ya esta bastante insoportable.\nLa Municipalidad deberia tomar medidas y multar a los choferes de omnibus o dueños de las empresas de transporte público que actúan de esta manera. \nLos pasajeros deben tomar conciencia y respetar los lugares de paradas y no parar el omnibus en cualquier punto..\nEl respeto a las normas y regulaciones vigentes es un deber ciudadano y su cumplimiento debe ser velado por las autoridades con penas y/o multas a quienes las ignoren o violen.','\n',char(10)),49,4,14,14,0,1,0,0);
INSERT INTO idea VALUES(13,'2015-10-21 14:27:26.26',6,789083,'Mercado 4 como atractivo turístico',replace('Conocí el mercado municipal de la ciudad de Estambul, Turquía y me llamó la atención lo bien organizado que estaban los más de 30.000 m2 que abarca el predio, en donde uno puede encontrar los diversos productos agrupados por sectores, por ejemplo hay calles donde encontras los productos de orfebrería, calles destinadas a la venta de tapicería, entonces uno al ingresar se fija en el mapa dispuesto en cada entrada y ubica el área de lo que está buscando.\n\nY no sólo la organización sino también la pulcritud del lugar, a pesar de ser un lugar muy concurrido todo el día, no sólo por clientes sino también para la carga y descarga de mercaderías, en el mercado se notaba la limpieza en todas partes.\n\nMi propuesta es adaptar este sistema al mercado 4 de la ciudad de Asunción con el fin de convertirlo en un punto de turismo para los visitantes, hacerlo atractivo fomentando no sólo la posibilidad de conseguir buenos productos a precios accesibles sino también la oportunidad de interactuar con parte de nuestra cultura.','\n',char(10)),49,10,14,14,0,5,0,0);
INSERT INTO idea VALUES(14,'2015-10-21 12:54:16.16',2,789070,'UNA ASUNCION MAS ORGANIZADA EN RESIDUOS',replace('El problema que prácticamente nadie toma en cuenta es que en la calle esta muy pocos basureros que se encuentren a disposición para tirar los residuos, lo que obliga al ciudadano a arrojar su basura en las calles, ensuciando la ciudad. \nLa propuesta consiste en la opción de que el ciudadano o las empresas, en zonas comerciales, coloquen a disposición de los transeúntes basureros donde se puedan arrojar la basura. En recompensa de que el ciudadano o empresa coloque dichos basureros, el municipio puede hacer un descuento o dar cierta exoneracion a aquellos que han colocado uno. De esta manera, el municipio ahorrara mucho mas al año en mantenimiento y aseo urbano amortiguando de esa manera la caída de los ingresos ocasionada por el descuento o exoneracion. Ademas de ahorrarse en problemas que causan las basuras que tapan los sistemas de alcantarillado.','\n',char(10)),49,29,9,9,0,2,0,0);
INSERT INTO idea VALUES(15,'2015-10-21 09:19:41.41',3,789050,'Corredores de Lapacho por Barrio',replace('Una forma de darle una identidad a los diversos barrios seria crear corredores de Lapachos en puntos estrategicos de cada barrio y a la vez conectarlos con otros barrios, Ej. Las Mercedes, barrio de los lapachos amarillos\nDe hecho esta no es una idea desconocida en nuestro pais, la ciudad de Nueva Italia (Depto. Central) la aplico como se puede ver en la foto que va adjunta a esta propuesta','\n',char(10)),49,3,11,11,0,10,0,0);
INSERT INTO idea VALUES(16,'2015-10-21 08:28:17.17',1,789046,'Ordenar el trafico en horas pico',replace('Debido al incremeto de vehiculos que circulan diariamente por las calles de Asuncion ademas de los miles que entran y salen a la ciudad cada dia, la Municipalidad podria implementar por ejemplo un sistema como se hace en muchas ciudades de otros paises por el cual se establece que las avenidas principales y calles que tienen cuatro carriles como Mcal. Lopez por ejemplo a las horas pico dejen tres carriles para circular en la direccion de mayor trafico vehicular (hacia el centro) y uno para venir de hacia el centro y viceversa.\nEsto podria lograrse estableciendo horarios, ayudaria a que el flujo vehicular sea mas ordenado en horas pico evitando el estres, el caos y reduciendo el tiempo de acceso y salida del microcentro hasta tanto se tengan otras soluciones mas de fondo.','\n',char(10)),54,4,11,11,0,0,0,0);
INSERT INTO idea VALUES(17,'2015-10-21 07:04:45.45',4,789036,'Veredas de Hormigón',replace('Algo que siempre salta a la vista en varias zonas de Asunción  es estado calamitoso de las veredas; \nPodemos analizar el problema en varios frentes:\n-Falta de estandarización e incumplimiento de las normas de construcción\n-Falta de mantenimiento\n-Altos costes de reparación\n-Los   propietarios  de las edificaciones  en la mayor parte de los casos son los únicos responsables  del  tramo de vereda que le corresponde, haciendo que el control de los ítems mencionados anteriormente sea bastante difícil e  ineficiente. \n-Las lluvias de gran intensidad típicas de nuestra región  generan raudales que con el paso del tiempo van erosionando y terminan por desprender las baldosas.\n\nLas veredas de hormigón están en todas las grandes ciudades del mundo y permiten unificar criterios sobre el estilo de ciudad que se quiere, además de abaratar los costos \n-Son más resistentes\n-Se construyen con mayor rapidez \n-Tienen mejor accesibilidad  \n-Son fáciles de mantener y reconstruir\n-Facilitan la implementación de ciclovías\n\nMuchos dirán que este tipo de aceras dará un aspecto más monótono y lúgubre a la ciudad si nos ponemos a comparar con la amplia gama de diseños y colores que nos ofrecen las baldosas   y concuerdo en este punto.\nMi propuesta no es la de  sustituir enteramente todas las aceras de la ciudad por bloques de hormigón, pero me parece una opción bastante interesante por ejemplo para:\n-Zonas vulnerables a los agentes externos llámese raudales,  vibraciones  etc.\n -Zonas comerciales y con grandes afluencias de peatones, me vienen a la mente por ejemplo  la  Avenida Eusebio Ayala, Avenida Artigas, la zona del mercado  etc .\n-Zonas residenciales con amplios espacios verdes, (jardines frontales, cordones de césped) que ayuden a mitigar la monotonía del cemento.\nPor último sería interesante coordinar esta propuesta con otras labores de infraestructura pendientes, como por ejemplo los cableados subterráneos.','\n',char(10)),54,30,9,9,0,1,0,0);
INSERT INTO idea VALUES(18,'2015-10-20 06:07:35.35',1,788919,'Servicios de vigilancia con CROWDSOURCING','Brevemente, (lo habia leido que lo usan en Londres) y por mas que parezca futurista (no lo es), si la Municipalidad de Asuncion pone camaras de vigilancia en sitios importantes, y da accesso a las personas a que denuncien hechos que puedan ir viendo que van surgiendo tramite crowdsourcing (pagando cifras minimas) por cada informacion valida, se podria crear un espacio de denuncia ciudadana, que sirva como complemento a la tarea de seguridad de la ciudad, reduciendo costos y creando trabajos para personas que no lo tengan. Esta misma plataforma podria tramite una applicacion que los ciudadanos informen del trafico por ejemplo, y que sean los propios ciudadanos quienes tramite contribuciones en modalidad crowdsourced ofrezcan servicios gratuitos a las municipalidades',54,4,3,3,0,0,0,0);
INSERT INTO idea VALUES(19,'2015-10-18 06:27:37.37',4,788661,'Escuelas de oficio municipales en barrios pobres','En los barrios mas pobres,(Santa Ana, Roberto L Pettit entreotros)  muchos jovenes dejan el colegio y notienen para seguir la universidad, pero no tienen alternativas como escuelas de oficios. El unico centro de capaacitcion es SNPP y LA eSC CARLOS a lOPEZ que se sencuentran en oznas mas alejadas de estos barrios. La propuesta es crear estos centros en estos barrios donde se enseñe por ej; plomeria, electricidad, carpinteria,refrigerascion,entreotros.incluso puede ser a travez de un convenio con SNPP',54,16,9,9,0,2,0,0);
INSERT INTO idea VALUES(20,'2015-10-18 05:40:59.59',5,788656,'Nueva ordenanza de arborizacion yplan maestro de arbolado urbano','Teniendo en cuenta las altas temperaturas en el verano en el Pais, se hace necesario una neva ordenanza, ya que la se se cuenta es de hace mas de 50 años. En la misma se tediran; la obligatoriedad de la plantacion de por lo menos un arbol en ccada vereda. Ademas teniendo en cuenta que hay veredas muy angostas assi como muy anchas, la aorborizacion debe ser conforme a un plan maestro de arbolado urbanocomo existe en otros paises: E·sto es, sila vereda es angosta, se tendrian que plantar arboles mastipo arbussto y si es ancha el plan indicaria que especies se pueden plantar. Ademas se tendria que normalizar el tipo de canteros autilizar, . Tendrian que ser tales que no obstaculicen',54,16,11,11,0,3,0,0);
INSERT INTO idea VALUES(21,'2015-10-16 11:05:21.21',1,788417,'Un "dia sin carro" en Asunción, sería posible?','En Bogota, una vez al año existe lo que se llama "el día sin carro", en la cual nigun vehiculo particular puede circular por la calle, en un horario de 6 de la mañana a 6 de la tarde. Todas las avenidas se convierten en bicisendas y calles para caminar.. Es una medida por un lado ecológica, y por otro fuerza a todas las personas a utilizar medios alternativos, ya sea montándose al sistema de transporte publico o caminando o bicicleta. Bogota es una ciudad mucho mas grande que Asunción y todas las personas llegan a su trabajo y estudio... ¿sería imposible hacerlo en Asunción?',32,20,7,7,0,4,0,0);
INSERT INTO idea VALUES(22,'2015-10-16 04:16:48.48',4,788338,'Veredas en buenas condiciones',replace('Caminar por Asunción a veces puede ser una tarea complicada. \nEs por ello que el Municipio debería controlar/monitorear el estado de las veredas de los vecinos, y eventualmente, aplicar una multa a aquellos que no tienen en condiciones sus veredas.','\n',char(10)),28,4,12,12,0,2,0,0);
INSERT INTO idea VALUES(23,'2015-10-15 05:19:15.15',1,788136,'Da gusto caminar por Asuncion ',replace('Actualmente caminar por Asuncion es una tarea difícil. Para cruzar calles hay que esquivar vehículos y esperar semáforos (si los hay) o que algún alma solidaria te dé paso. Por otro lado, las veredas (si las hay) están la mayoría en muy mal estado u obstruidas de alguna manera. \n\nEsta idea busca crear un proyecto llamado "Da gusto caminar por Asuncion" dinde se creen cruces peatonales dando prioridad al peatón, veredas transitables y generar conciencia de la caminata como un método de transporte saludable que reduzca el tráfico vehicular y la polución.','\n',char(10)),29,31,17,17,0,3,0,0);
INSERT INTO idea VALUES(24,'2015-10-09 10:15:18.18',4,787275,'NO a edificios en barrios residenciales',replace('Asuncion no cuenta con un proyecto de panificacion; hoy en dia los barrios residenciales estan siendo "invadidos" por edificios sin siquiera ir acompañado de un estudio ambiental y urbanistico. \nPROTEJAMOS a los Barrios Residenciales y a su historia!!','\n',char(10)),30,32,18,18,0,5,0,0);
INSERT INTO idea VALUES(25,'2015-10-08 17:04:23.23',2,787144,'RECICLAJE ya!','Implementar de manera efectiva y eficaz la distribución adecuada de los residuos, el reciclado. Como? Primero separando por colores los residuos ( orgánicos, inorgánicos) , la municipalidad podría encargarse de otorgar o vender estas bolsas de colores. Y luego mandarlas a una planta de reciclado, o venderlas a otras empresas que re utilicen la basura. Consiguientemente, los contribuyentes que cumplan con la adecuada separación de residuos recibiran un descuento en sus impuestos... por ej> 5% anual... o lo que fuere. A su vez, se debería armar un plan piloto para instruir a los ninhos mas pequenhos ,en las escuelas/jardines a separar la basura, instalando tachos de basuras de distintos colores, inculcandoles desde los primeros anhos de vida s la importancia de cuidar el medio ambiente, el premio puede ser simplemente una felicitacion o carita feliz.  Capacitar a maestros para esto o bien, algun personal municipal que se encargue de esto.',17,1,27,27,0,8,0,0);
INSERT INTO idea VALUES(26,'2015-10-07 14:21:14.14',5,786973,'Presupuesto Participativo: proyectos ideados por asuncenos',replace('Que pasaría si los ciudadanos pudieran no solo decidir directamente, sino también proyectar en que gastar parte del presupuesto municipal?. De eso se trata el presupuesto participativo, un proceso inicialmente desarrollado en Brasil, a finales de los 80, que hoy se practica en más de 1500 ciudades del mundo. \n\nAunque cada proceso es diferente, en líneas generales se resume en lo que sigue: los ciudadanos generan ideas y luego las convierten en propuestas concretas (generalmente, con la ayuda de voluntarios), la ciudadanía vota, y la municipalidad implementa los proyectos más votados.\n\nLos presupuestos participativos no solo le dan a la ciudadanía un espacio directo de participación, sino que abren paso a toda una nueva dinámica de participación ciudadana que de a poco mejora el ejercicio de la democracia en donde se aplica. Es un proceso que impulsa y educa en la cultura de la participación. \n\nPara que sea efectivo, el proceso no solo tienen que ser consultivo, sino que precisa ser "deliberativo: la decisión de los ciudadanos debe ser vinculante. La municipalidad debe comprometer un porcentaje de su presupuesto (por ejemplo, el 5% en Lisboa, Portugal) para la ejecución de los proyectos ganadores. \n\nPara saber más sobre el proceso, adjunto algunos documentos preparados por una organización sin fines de lucro, basada en los Estados Unidos, que promueve y ayuda a implementar este tipo de procesos. \n\nTambién adjunto una foto de un taller de generación de ideas en el que tuve la oportunidad de participar, para el presupuesto participativo de la ciudad de Cascais, en Portugal.\n\nY si le gustan los videos, aquí uno que explica el proceso  (con subtítulos en español): \nhttps://vimeo.com/107121298 \n\nHagamos que Asunción tenga su presupuesto participativo, y después, por qué no, todo el Paraguay!','\n',char(10)),18,25,16,16,0,3,0,0);
INSERT INTO idea VALUES(27,'2015-10-07 12:48:25.25',4,786956,'Educación Vial','Viendo la cantidad de cartelería que tiene la municipalidad y la cantidad de minutos que paga en televisión y radio en propaganda de logros del intendente de turno, sería bueno que ese dinero se pague en cartelería y promoción de la educación vial. La no obstrucción de las "bocacalles", la prohibición de estacionamiento en doble fila o cerca de las esquinas. La utilización del "pica pica" como permiso para hacer lo que se me antoja. Son faltas que aunque parezcan insignificantes son las que provocan la molestia de los demás conductores y un stress innecesario en todos nosotros.',31,33,11,11,0,2,0,0);
INSERT INTO idea VALUES(28,'2015-10-07 09:26:52.52',3,786923,'Asuncion libre','Limitar y controlar la colocacion de carteles publicitarios y de caracter politico, para evitar la degradacion de la imagen de la ciudad',17,4,21,21,0,4,0,0);
INSERT INTO idea VALUES(29,'2015-10-07 07:37:03.03',1,786875,'Prohibición de giro a la izquierda en avenidas principales.','Prohibir el giro a la izquierda en las avenidas principales. Asfaltar las calles que sean necesarias para encausar al conductor en la calle transversal que se quiere tomar y poner los carteles que te indiquen como hacerlo.',18,6,14,14,0,3,0,0);
INSERT INTO idea VALUES(30,'2015-10-06 20:30:16.16',4,786804,'Puesto de Información Turística en la Costanera','Debería existir un puesto de información en la costanera que pueda guiar a turistas y a ciudadanos locales acerca de actividades, lugares de interés y servicios disponibles en los alrededores. Ej: edificios históricos, paseos por la bahía, paradas de taxi cercanas, entre otros..',29,21,11,11,0,1,0,0);
INSERT INTO idea VALUES(31,'2015-10-06 20:28:30.30',5,786802,'Soportes de hamacas Pyas.','Mi propuesta consiste en que en las plazas de Asunción la junta municipal ponga soportes para hamacas Paraguayas y que los Asuncenos podamos acudir a disfrutar de los espacios públicos de una manera bien tradicional, y podamos compartir como buenos paraguayos y afirmarnos en nuestras costumbres, obviamente acompañado de un rico terere.',29,34,8,8,0,2,0,0);
INSERT INTO idea VALUES(32,'2015-10-06 20:22:40.40',3,786801,'P.M.T de Élite','Buscar una Policía Municipal de tránsito de élite, que esté mejor posicionada, mejor pagada, con prestigio y "honor"',28,26,13,13,0,1,0,0);
INSERT INTO idea VALUES(33,'2015-10-06 20:20:11.11',5,786799,'Reunión de Comisiones Vecinales','Mi idea es que una o dos veces al año exista una reunión, congreso, asamblea o algún acontecimiento donde participen todos los representantes de los distintos barrios, se conozcan, compartan ideas y puedan trabajar en proyectos para Asunción.',28,21,6,6,0,2,0,0);
INSERT INTO idea VALUES(34,'2015-08-16 10:35:17.17',1,776111,'Bici sendas','La bicicleta es un excelente medio alternativo de transporte que debe ser más fuertemente promovido y apoyado mediante la creación de bici sendas que conecten diversas partes de la ciudad.',17,35,25,25,0,5,0,0);

CREATE TABLE comments (id INTEGER PRIMARY KEY, date TEXT, idea_id INTEGER, description TEXT, author_id INTEGER);
INSERT INTO comments VALUES(1,'2015-12-02 07:20:00.00',25,'Que bueno Seba!genial iniciativa!!! Me sumaria con mucho gusto pero actualmente aun no vivo en Paraguay. Estare unos dias  a mediados de diciembre,si queres lo charlamos, Muchos Exitos!!!',1);
INSERT INTO comments VALUES(2,'2015-12-01 06:07:33.33',2,'Excelente idea!! en campaña me subí a algunos "micros" y luego de unas palabras ataba bolsas de basura adelante y atrás y les pedía que no tiren a la calle la basura. Deberíamos hablar no solo en la municipalidad sino con Setama mismo para que solicite ello a las lineas nacionales. Recordá que en Asunción solo 6 lineas urbanas a cargo de la Municipalidad existen. Abrazos',2);
INSERT INTO comments VALUES(3,'2015-12-01 06:05:38.38',1,'Hola Marcos, el tema del transporte es muy complejo, te comento algunos detalles sueltos (comparto tus opiniones):

1. De Asunción solo dependen 6 líneas urbanas de transporte, por lo que aunque se haga la municipalización de igual manera tendremos el mismo problema pues es un tema nacional (Setama, etc).

2. Esas líneas de transporte aunque sean privadas, debe ser cambiado el modelo, pues así como decís, al ser empresarios ellos no van en todos los horarios y en los lugares donde hay poca gente, quedan desiertas algunas licitaciones por ejemplo. El modelo debe ser el pago por recorrido, entonces lo que se licita no es solo una itinerario sino también una frecuencia, el empresario no debe depender de la cantidad de pasajeros.

3. El metrobús es solo una idea de solución para un troncal de Asunción, existen otros 6 que deben tener proyectos al respecto de transporte masivo.

4. El Gobierno central tiene entre sus proyectos el tren "cercanías", ojalá no lo deje de lado porque el gobierno municipal no es del mismo color. 

Sigamos conversando. Abrazos',2);
INSERT INTO comments VALUES(4,'2015-12-01 05:23:44.44',15,'Excelente, y que les parece si los amarillos son los elegidos para plantar, para hacer contraste con el verde y el asfalto de la zona?',3);
INSERT INTO comments VALUES(5,'2015-12-01 05:20:06.06',15,'Costanera? Es más, podemos trabajar esto como equipo, consiguiendo los árboles',2);
INSERT INTO comments VALUES(6,'2015-12-01 05:14:43.43',13,'Tenemos que ver como elegir y trabajar principalmente unos cuantos barrios de Asunción: Reestructurar San Jerónimo, Mercado 4, ver un "chinatown", punta carapá, etc, en términos de turismo es clave generar eso. Abrazos',2);
INSERT INTO comments VALUES(7,'2015-12-01 05:12:17.17',26,'Hola como podemos conversar mas personalmente de este tema, Cristian mandame un mail y nos ponemos en contacto, svillarejo@hotmail.com

Abrazos',2);
INSERT INTO comments VALUES(8,'2015-12-01 05:09:50.50',25,'Hola a todos, esta es una idea que tenemos que trabajar, pues fieles a nuestro compromiso también es de la mas votadas en la plataforma, en breve formaremos un equipo de trabajo y quienes deseen trabajar mas que invitados. Un abrazo!',2);
INSERT INTO comments VALUES(9,'2015-11-25 10:00:56.56',1,'veo que el unico candidato que habla de municipalizar el transporte publico es el Arq. Meyer para mi el mejor candidato!',4);
INSERT INTO comments VALUES(10,'2015-11-16 08:48:02.02',14,'Yo apoyo esta propuesta y creo que se podría sacar una ordenanza que obligue a todos los negocios, con acceso directo a las veredas, a que tengan un pequeño basurero en la entrada misma del negocio. ',5);
INSERT INTO comments VALUES(11,'2015-10-30 16:43:36.36',4,'La basura clasificada se vende, pero la desordenada se paga para que lo retiren. Bien encarado podría ser negocio para las comisiones vecinales para los proyectos del barrio. Como vecino, mi cuota sería 10 botellas de vidrio, 20 kg de tetra apretado, 2 kg de aluminio, 5 kg de botellas pet, y asi... cada item tiene su destino y su valor.',6);
INSERT INTO comments VALUES(12,'2015-10-30 10:24:56.56',14,'Estoy de acuerdo con esta idea, pero además de personas voluntarias o empresas, contar con basureros también puede provenir de iniciativas de colegios, universidades, movimientos como actividad para crear conciencia del cuidado del ambiente y educación cívica. Sin embargo, creo es una obligación de la Municipalidad de dotar de contenedores de basura en espacios públicos: parques, plazas, calles, centros comerciales, paradas de bus, espacios turísticos, etc. y multar a las personas/empresas que estén arrojando basura en estos espacios. Cualquier sitio público sin la limpieza adecuada termina siendo un lugar peligroso, desagradable y finalmente las personas dejan de frecuentarlo por no tener el saneamiento adecuado, por lo que también se debe prever contar con los RRHH para la limpieza de estas áreas. Toda iniciativa en este ámbito debe ir acompañado de mucha educación, se podría tomar como ejemplo las campañas de NoCoTuBa (es la que yo conozco)',7);
INSERT INTO comments VALUES(13,'2015-10-29 08:15:47.47',24,'En la medida que los vecinos se organicen es posible hacer frente a los abusos...',8);
INSERT INTO comments VALUES(14,'2015-10-28 18:36:25.25',4,'ya se reglamento la ordenanza Basura cero por medio de una resolucion creo q 386 de febrero 2015. pero cuesta conseguir ...todavia no socializan mucho parece. Yo lei y m resulto medio confusa ',4);
INSERT INTO comments VALUES(15,'2015-10-28 13:24:21.21',4,'Creo importante también mencionar que la separación en origen (basura orgánica e inorgánica y ésta a su vez en reciclable, no reciclable, peligrosa o tóxica, voluminosa, etc.) es muy importante, pero como medida aislada no sirve de mucho. Debe complementarse con la recolección diferenciada por parte del Municipio, los centros de reciclaje (para la basura reciclable) y de compostaje (para la basura orgánica), con el consiguiente mejoramiento de salubridad y calidad de vida para los actuales recicladores. Y, no está tampoco de más, mencionar, que la incineración de los desechos (como en algún momento lo quiso plantear el Intendente Samaniego), no es una opción medioambientalmente sostenible , y por lo tanto no es compatible con la filosofía de Basura Cero.',4);
INSERT INTO comments VALUES(16,'2015-10-28 13:04:23.23',4,'La Ordenanza de Basura Cero para Asunción está vigente desde el año pasado, sin embargo no tiene aplicación efectiva. El proyecto original presentado por los Concejales de Patria Querida, preveía fijar plazos en la misma ordenanza para la reducción gradual de la basura destinada a vertederos, a través de diferentes estrategias (educación, separación en origen y recolección diferenciada, reducción, reciclaje, reutilización, etc). La ordenanza finalmente aprobada no establece plazos y porcentajes en la misma ordenanza pero sí dice que el Intendente al inicio de su periodo deberá establecer dichas metas. Esccuhé varios debates de los candidatos a intendentes, y si bien las propuestas de Meyer son las más cercanas a lo establecido en la Ordenanza de Basura Cero, ningún candidato está hablando de estos plazos y metas, que están obligados a informar apenas al asumir como Intendentes.',4);
INSERT INTO comments VALUES(17,'2015-10-27 19:16:47.47',9,'Tambien se tiene que tecuperar las plazas usurpadas...algunas ya con juicios de desalojo iniciados....pero que no tienen seguimiento',8);
INSERT INTO comments VALUES(18,'2015-10-27 10:46:26.26',8,'Como ciudadanos deberíamos organizarnos para lograr el soterramiento de los cables, empezando por las zonas turísticas.

A la "ciudad sin cables" le agregaría la publicidad aérea que ensucian la ciudad tanto para los que la visitan como para los que vivimos en ella.',9);
INSERT INTO comments VALUES(19,'2015-10-27 05:33:01.01',9,'Me parece super interesante la propuesta, considerando sólo el punto 1 "Conservación de plazas, paseos y jardines públicos" si se pone en práctica sería una forma de volver a revitalizar la vida de comunidad, al tener espacios comunes donde la gente del barrio pueda llevar a sus hijos a jugar, dar un paseo con sus mascotas, etc generando no sólo un barrio más lindo sino también seguridad y compromiso por mantener algo que les pertenece.',10);
INSERT INTO comments VALUES(20,'2015-10-27 04:30:04.04',25,'Se podría mirar el modelo de Buenos Aires del plan de reciclado es sencillo y es una de las mejores ideas que leí hasta ahora',11);
INSERT INTO comments VALUES(21,'2015-10-27 04:27:46.46',13,'Me encanta la idea es cuestión de aprovechar las reformas que se están realizando en el mercado ',11);
INSERT INTO comments VALUES(22,'2015-10-26 14:55:41.41',12,'A esto podriamos agregarle que exista un abono mensual? 

Tener que subirse a los buses, pagar, esperar el ticket y el vueto, genera riesgo (porque el chofer sigue manejando mientras hace todo esto) o retrasa el trafico cada vez mas. 

Como el boleto estudiantil pero para diferentes sectores, menores, estudiantes, tercera edad, etc. Seguro ya se penso, pero seria bueno pensarlo',12);
INSERT INTO comments VALUES(23,'2015-10-26 14:44:15.15',19,'Seba inclusive esto se pueden ver con empresas grandes, industria y construccion, que destinen x tiempo de su gente en formar a un grupo de gente. Al final esto ayuda tambien a que las empresas tengan un pool de personas cualificadas a la hora de que exista demanda. 

Otra cosa que se puede hacer, no se si desde Asuncion (ya debe ser estado), pero que veo que en varios paises se da, es que se bonifica con ciertos descuentos en seguridad social o lo que sea a las empresas que brindan formacion a los sectores con mas riesgo exclusion social. Entiendo que se debería hacer varios cálculos de viabilidad, pero ahi va la idea. ',12);
INSERT INTO comments VALUES(24,'2015-10-26 14:38:38.38',13,'Me gusta la idea. También se podría hacer en otros mercados mas chicos de Asunción, la versión de los mercados en donde hasta donde se puede degustar algunos de los productos. No se si la gente se sumará a la degustación, pero seria replicar lo que se viene haciendo en el agroshopping, pero en estos lugares mas grandes.',12);
INSERT INTO comments VALUES(25,'2015-10-24 04:07:44.44',21,'Pmbserrano justo en Bogotà los domingos se convierten avenidas principales en exclusivas de bicis.. creo que eso mismo se podria empezar a probar por acà.. asi uniriamos la idea de Guada con la propuestade Seba V.',13);
INSERT INTO comments VALUES(26,'2015-10-22 11:33:40.40',25,'El reciclaje puede ser una actividad muy lucrativa, de hecho, creo que además de generar conciencia, es importante verlo como un negocio interesante, ya sea para los ciudadanos y los beneficios que puedan obtener gracias al reciclaje, como para las demás personas involucradas en las demás etapas del reciclaje (gancheros, empresas acopiadoras, recicladoras, etc.)',14);
INSERT INTO comments VALUES(27,'2015-10-22 11:07:29.29',15,'cierto!! Artigas, antes de volverse angosta es bien triste.. sería bueno tener una foto para ver mejor. Si paso por ahí trato de quitar una para subir. ',14);
INSERT INTO comments VALUES(28,'2015-10-22 10:43:40.40',15,'Podria ser algun tramo de Artigas? que tambien esta pelada si la memoria no me falla',3);
INSERT INTO comments VALUES(29,'2015-10-22 08:54:56.56',15,'El tema de plantar en la vereda es delicado, por el riesgo de que se planten en forma desordenada, atentando contra la regulación existente para la construcción de veredas inclusivas. Se tiene que prever un control para que eso no pase. Por eso mi sugerencia era que sea como plan piloto en el paseo central de alguna calle.',14);
INSERT INTO comments VALUES(30,'2015-10-22 08:48:12.12',15,'el tema es que en Eusebio Ayala está prevista la construcción de los carriles de Metrobus. Y qué otra calle podría hacer? Algo más inmediato que se pueda usar como plan piloto? Las inmediaciones del Banco Central por ejemplo, o la calle EEUU entre 5ta y 8va por ahi?',14);
INSERT INTO comments VALUES(31,'2015-10-21 20:04:29.29',13,'Es muy buena esta idea. ',4);
INSERT INTO comments VALUES(32,'2015-10-21 20:03:00.00',15,'A mi me parece que esta idea es viable y aplicable en todos y cualquier barrio donde no existen arboles en las veredas. Deberia hacerse una campaña (u ordenanza municipal) para que todos los dueños de viviendas y o edificios planten en sus veredas al menos un arbol. Si es de lapacho amarillo mejor porque hermosearian muchisimo la ciudad ademas de proveer oxigeno y calmar los terribles calores del verano asunceno.',4);
INSERT INTO comments VALUES(33,'2015-10-21 15:09:58.58',17,'La intención de la propuesta es buena pero le faltaria tener presente aspectos como 

la recarga de las napas freaticas - materiales alternativos absorbentes y mucho diseño cretividad para resolver cada situación particular. 

Como exprese en la idea que precede: Deberian agregar un estímulo a la utilizaciòn de veredas con pavimento absorventes para contener parte de los raudales superficiales con franjas verdes.

Los paseos centrales tienen el mismo tratamiento sellado que los pavimentos . Los pobres arboles y la jardineria estan como asfixiados. 

Las calzadas tambien podrian tener franjas de pavimento absorvente tipo empedrado adyacente al cordón de la vereda y combinaciones de verde (por ej. la calle san Roque Gonzalez de Santa Cruz en el tramo entre Pacheco y Campos Cervera)c ombinado con franjas de pavimento liso tambien absorvente. Hay numerosos materiales innovadores y alternativos con esta propiedad.',4);
INSERT INTO comments VALUES(34,'2015-10-21 14:56:35.35',13,'Excelente propuesta!

Y si sumamos los mercados municaples con una red de nodos de comercio mas autóctono y variado Es una linda propuesta que puede ayudar a recuperar y a la vez  fortalecer las tradición culturales de los mercados de Asunción. La valorizacion de los saberes populares son parte de un proceso de fortalecimiento de la identidad.

Los clásicos del centro asunceno en los dias especiales  como Karai Octubre, San Juan, o el desayuno en el Mercado de la calle Yegros y muchas excusas más.

Muchas posibilidades y oportunidades de impactar.

Recuperar costumbres y fortalecer las fuentes de trabajo con identidad asuncena!!',4);
INSERT INTO comments VALUES(35,'2015-10-21 13:16:34.34',15,'Es un lugar que esta completamente pelado y solo concreto y nada mas hay por Eusebio Ayala',3);
INSERT INTO comments VALUES(36,'2015-10-21 13:15:27.27',15,'El paseo central de Eusebio Ayala podria ser un lugar con el beneficio plus que es una de las entradas a la ciudad',3);
INSERT INTO comments VALUES(37,'2015-10-21 13:02:29.29',34,'El proyecto actualmente se encuentra en estudio en la Junta Municipal, y se puede descargar en este enlace: 

http://vozyvoto.ideascale.com/a/idea/22990/download

Estaría bueno escuchar aportes, comentarios, sugerencias...',14);
INSERT INTO comments VALUES(38,'2015-10-21 12:42:05.05',15,'Está buena la idea en serio. Se te ocurre una calle específica, de tu barrio por ejemplo, donde se pueda aplicar? Lo ideal sería darle cuerpo como proyecto, es decir, tal calle tiene potencial para convertirse en un corredor por tal y tal motivo... No se, capaz pensar en alguna calle ancha con un paseo central que no esté tan arborizado y donde se puedan plantar estos arbolitos pensando en que se convierta en el corredor.',14);
INSERT INTO comments VALUES(39,'2015-10-21 08:58:11.11',25,'Esta me parece una de las mejores ideas, ya que en Paraguay se necesita muchisimo del reciclaje y comenzar a clasificar nuestras basuras',15);
INSERT INTO comments VALUES(40,'2015-10-21 08:54:10.10',20,'Muy importante!!!!!! Se deberia sugerir si no se puede ordenar, que todos plantemos arboles en nuestras veredas. Asuncion seria mas verde, mas saludable y mas hermosa.',4);
INSERT INTO comments VALUES(41,'2015-10-21 06:45:54.54',28,'muy de acuerdo. Hay que cambiar la ordenanza actual y darle el marco y nombre que corresponde, es decir "Ordenanza contra la polucion visual"...porque mucha gente en los barrios no se da cuenta lo que ocasiona la polucion visual en la salud y como solo se llama ahora reglamento de carteles o algo asi,...el nombre no indica bien',16);
INSERT INTO comments VALUES(42,'2015-10-20 18:20:33.33',32,'Buena idea Fabrizio, para tener esa policia municipal deben tener mejor formacion y estar mucho mejor remunerados, hay que incentivar la honestidad.',17);
INSERT INTO comments VALUES(43,'2015-10-20 18:16:34.34',31,'Excelente!',17);
INSERT INTO comments VALUES(44,'2015-10-20 16:48:06.06',28,'Urgente!!!!

La polucion visual y la carteleria de baja calidad. 

Alguien debe regular los maxi letreros Led que encandilan !!!!',4);
INSERT INTO comments VALUES(45,'2015-10-20 16:45:03.03',23,'Deberian agregar un estimulo por la construccion de veredas con pavimento absorventes para absorver parte de los raudales con franjas verdes. 

Los paseos centrales tienen el mismo tratamiento sellado que los pavimentos . Los pobres arboles yla  jardineria estan como asfixiados. 

Las calzadas tambien podrian tener franjas de pavimento absorvente tipo empedrado adjacente al cordón de la vereda y combinaciones de verde (por ej. la calle san Roque Gonzalez de Santa Cruz en el tramo entre Pacheco y Campos Cervera)c ombinado con franjas de pavimento liso tambien absorvente. Hay numerosos materiales nuevos con esta propiedad.',4);
INSERT INTO comments VALUES(46,'2015-10-20 16:36:03.03',22,'Con ningun control por parte de los municipios . Veredas reducidas al minimo, contruyendo mas allá de la linea municpal. 

Las veredasdeberian ser con superficies absorbentes y verde que permitan absorver las aguas de lluvia y recargar las napas.

Es urgente!',4);
INSERT INTO comments VALUES(47,'2015-10-20 10:31:19.19',25,'Interesante la propuesta, agregaría como paso muy importante del proceso de reciclado la disposición final, es ahí donde se realiza el reciclado como tal, ya que si sólo se separan los diferentes tipos de residuos pero después se los dispone a todos en el mismo lugar no hay resultados.',18);
INSERT INTO comments VALUES(48,'2015-10-19 09:54:10.10',30,'Buenisima idea, se debería de trabajar en forma conjunta con la SENATUR. ',19);
INSERT INTO comments VALUES(49,'2015-10-19 09:49:32.32',22,'Muy de acuerdo con esta idea. El estado de las veredas de la ciudad se encuentra en estado lamentable y representan un peligro para cualquier peatón.',19);
INSERT INTO comments VALUES(50,'2015-10-19 09:47:07.07',20,'Un plan de arbolada es una manera de hacer frente a las consecuencias negativas que trae consigo el fenómeno de cambio climático y, una iniciativa como esta es sinónimo de responsabilidad y consciencia a futuro.',19);
INSERT INTO comments VALUES(51,'2015-10-19 07:53:26.26',34,'Excelente aporte Cristhian!! como te comentó seba hemos presentado un proyecto de construcción, ahora debemos insistir para que se ejecuten proyectos, no solo en Asunción sino que sean interconectados con el área metropolitana.',2);
INSERT INTO comments VALUES(52,'2015-10-19 07:50:18.18',31,'La idea es que cada uno lleve su hamaca ? muy bueno che, para dar vida a las plazas',2);
INSERT INTO comments VALUES(53,'2015-10-19 07:48:00.00',28,'Mas que de acuerdo!! se deben definir lugares, no así libremente, imaginate que la junta aprobó hace un mes aprox carteles led en micros!, debemos entrar en equipo para generar esos cambios.

Abrazos',2);
INSERT INTO comments VALUES(54,'2015-10-19 07:42:06.06',27,'Buena idea, no solo promocionar obras, sino que utilizar los rubros que puedan haber para marketing en Educación!!, eso demostraría realmente la vocación del intendente.',2);
INSERT INTO comments VALUES(55,'2015-10-19 07:40:46.46',26,'Excelente idea!! sabés que en el 2007 en Patria Querida le acercamos ya un proyecto de presupuesto participativo a Evanhy cuando era intendente que lógico lo vetó. Debemos ver como reinstalar eso!! Si o si! también porque la participación hace que las personas se empoderen de su ciudad, la amen, la sientan suya, no algo alejado e innominado. Brillante.',2);
INSERT INTO comments VALUES(56,'2015-10-19 07:35:20.20',25,'Buenísima idea Adri, debemos implementar al llegar a la gestión un plan piloto en algún barrio, y con fuerte contenido social, acercarnos a los gancheros para que se sumen a la iniciativa.',2);
INSERT INTO comments VALUES(57,'2015-10-19 07:32:36.36',24,'Que tal Gabriel, te comento que esta semana estamos presentando a través de Gustavo Lird en la Junta Municipal una ordenanza que obligue a la participación de vecinos para cambios al plan regulador de la ciudad. Hoy en día se cambia de la noche a la mañana sin ningún criterio, además de que incluso como comentó Graciela se aprueban edificios en abierta violación al Plan.',2);
INSERT INTO comments VALUES(58,'2015-10-19 07:30:54.54',23,'Excelente idea, Seba Villarejo soy, nosotros estamos comprometidos con la movilidad sustentable, en el 2012 se trabajó la ordenanza de veredas inclusivas, ahora la de cosntrucción de bicisendas, etc. Debemos ver como volver la idea una causa ciudadana. El ciudadano de a pié debe ser prioridad.',2);
INSERT INTO comments VALUES(59,'2015-10-19 07:00:34.34',21,'Hola Guada, creo que podría ser factible, el tema es que las ciudades que hacen eso tienen un sistema de transporte preparado para ese día. Me jugaría a iniciar en forma de proceso, usando avenidas y ciertas calles, motivando a que sea un día sin auto.',2);
INSERT INTO comments VALUES(60,'2015-10-19 06:59:01.01',20,'Interesante. Se debería trabajar la ordenanza con la ANDE  (que dps podan como quieren los árboles y terminan cayendo) y por sobre todo por ejemplo usar de modelo algunas calles que podamos bajar los cables bajo tierra',2);
INSERT INTO comments VALUES(61,'2015-10-19 06:57:42.42',19,'Excelente. Creo que la Municipalidad debe trabajar de cerca con la SNPP y ayudar en oficios como también en incubadoras de empresas, eso es muy normal en otras ciudades. Desde la concejalía veamos como podemos empujar el tema!. ',2);
INSERT INTO comments VALUES(62,'2015-10-16 13:42:37.37',21,'Podemos hacerlo en invierno! :)',20);
INSERT INTO comments VALUES(63,'2015-10-16 13:13:01.01',33,'Que bueno, debería convertirse en un evento conocido y que de ahí, cada año salgan propuestas para ordenanzas de temas innovadores para la ciudad!',21);
INSERT INTO comments VALUES(64,'2015-10-16 13:10:54.54',28,'Sii, España y san martin es un caos, también calles como Eusebio Ayala.. Ya no se distingue nada de tantos carteles!',21);
INSERT INTO comments VALUES(65,'2015-10-16 13:04:05.05',21,'Estaría bueno, pero habría que probar con algún domingo o feriado, si camino desde mi casa voy a llegar chorreando a la parada y al trabajo jaja',21);
INSERT INTO comments VALUES(66,'2015-10-16 11:00:27.27',29,'Es una solución sencilla y super efectiva. En la mayoria de las capitales esta prohibido este tipo de giros, el que quiera hacerlo debería tener que perder mas tiempo y no el resto que queda atascado en la fila queriendo seguir recto!',20);
INSERT INTO comments VALUES(67,'2015-10-16 06:29:23.23',23,'Me parece una idea excelente y agregaría algo mas al proyecto, concienciar al peatón la forma y el sistema de cruces, teniendo en cuenta que a nuestra gente le gusta cruzar entre vehículos a la mitad de las veredas y no en las esquinas. Debemos crear conciencia sobre esto también, así se evitarían muchos accidentes.',22);
INSERT INTO comments VALUES(68,'2015-10-13 13:11:04.04',24,'Cuales son los barrios que actualmente presentan este problema de "invasión" de edificios en construcción sin estudio ambiental y urbanistico. Cómo pueden participar los vecinos en la aprobación de estos cambios de relevancia en el entorno?',14);
INSERT INTO comments VALUES(69,'2015-10-13 13:08:44.44',24,'Y qué se debería hacer para que el Plan Regulador se respete? Hay varios barrios donde veo pasacalles que piden: No a edificios corporativos o edificios de altura. ',14);
INSERT INTO comments VALUES(70,'2015-10-13 08:53:14.14',29,'Hoy al llegar a Choferes y E. Ayala se pone en rojo el semaforo del giro a la izquierda como estaba en verde para continuar derecho, avancé hasta la calle Patri, giro a la derecha en Riquelme y retomo E. Ayala al cruzar nuevamente por Choferes continuaba esperando su turno el Ford Festiva para girar a la izquierda. Comprobé que si ya existe la opción asfaltada para evitar el giro a la izquierda y que encima es mas rápido. Falta que la Municipalidad ponga carteles y CASO CERRADO.',6);
INSERT INTO comments VALUES(71,'2015-10-09 18:07:52.52',25,'Interesante ...',23);
INSERT INTO comments VALUES(72,'2015-10-09 14:50:09.09',24,'Asuncion si tiene un Plan de Desarrollo Urbano y Ambiental y un Plan Regulador que probablemente no se respeta por  los vecinos y tampoco las autoridades municipales ejercen el suficiente control',8);
INSERT INTO comments VALUES(73,'2015-10-09 14:46:19.19',27,'Para que tenga resultados la educacion vial se debe completar la deficiente señalizacion vial y tambien deben existir patrones nacionales o internacionales para el diseño de la misma...cada esquina tiene una rampa diferente de acceso para impedidos fisicos y de repente esa rampa esta interrumpida por una columna semaforica que imposibilta su uso',8);
INSERT INTO comments VALUES(74,'2015-10-08 15:34:01.01',33,'Ahora ya existe el congreso de comisiones vecinales una vez al año...',16);
INSERT INTO comments VALUES(75,'2015-10-08 07:51:48.48',34,'Cirsthian, está adjunto en pdf el proyecto de Ordenanza actualmente en estudio. Estoy viendo si consigo una versión más amigable. Saludos! Excelentes tus aportes!',14);
INSERT INTO comments VALUES(76,'2015-10-08 07:31:49.49',34,'En realidad no está tan lejos de cumplirse. Hace algunas semanas la bancada de actuales concejales de Patria Querida presentó un proyecto de bicisendas trabajado con ciclistas, el cual se encuentra en estudio en la Junta Municipal. Justamente, también se pensó que era fundamental conectar las ciudades, por lo tanto invitaron al lanzamiento a los concejales y candidatos a concejales de las ciudades aledañas: Luque, Lambaré, Fernando de la Mora. Voy a tratar de subir una copia de la ordenanza. Creo que sería bueno exponerla a las personas para que puedan opinar y eventualmente sugerir mejoras al proyecto.',14);
INSERT INTO comments VALUES(77,'2015-10-07 15:44:35.35',34,'Esto sería un verdadero sueño hecho realidad, y no es demasiado difícil de lograr. Basta simplemente hacer un buen trazado y luego señalizar adecuadamente. Con eso ya tenemos bici sendas. Por supuesto, hay también inversión en infraestructura que se necesita: estacionamientos para bicicletas, carriles especiales y separados en algunas calles principales, algún sistema de bicicletas compartidas para incentivar el pedaleo ciudadano, etc. 

Por otro lado, debo confesar algo (mi foto de perfil me delata): yo en realidad soy luqueño :-). Y eso me lleva a decir que a este idea le tiene que acompañar un plan más ambicioso de ciclovías inter-ciudades, que puede comenzar conecando la capital con Luque. Sería un sueño poder agarrar mi bici en el centro de Luque y pedalear ininterrumpidamente, con seguridad, hasta el centro de asunción, y de ahí recorrer todo el centro en bici. Pueden parecer muchos kilómetros, pero si existe una buena infraestructura, la gente rápidamente se va a dar cuenta de que no es demasiado y se van a animar a pedalear más. 

La ciclovía inter-ciudad podría ir en paralelo a la vieja vía del tren, intersectando con la costanera cerca del centro. Tener algo así sería un sueño hecho realidad.',25);
INSERT INTO comments VALUES(78,'2015-10-07 15:27:35.35',26,'Excelente idea!',26);
INSERT INTO comments VALUES(79,'2015-10-07 08:54:28.28',29,'Me gusta esta idea. Creo que sería una gran solución. Además complementaría con encausadores para giros en los encausadores que tienen paseos centrales, de manera que las avenidas donde sí se puede girar, que el que gira ocupe el encausador, en lugar de obstruir la circulación. El encausador va permitir que el conductor tenga visibilidad de los vehículos que vienen, y no va ser obstruido por vehículos que también quieran realizar un giro en dirección contraria.',14);